NOMBRE_COMUNA_EGRESO;NOMBRE_UNIDAD_EDUC;PROMEDIO_COLEGIO
ÑUÑOA;COMPLEJO EDUC.MUN. BRIGIDA  WALKER.;587.8631313131312
SANTIAGO;FUNDACION DUOC;527.45
SAN MIGUEL;ESCUELA DEL CARIÑO IX;502.2392307692308
MACUL;INSTITUTO DE EDUCACION DE ADULTOS MACUL;535.5328421052632
QUILICURA;LICEO DE ADULTOS POETA VICENTE HUIDOBRO;535.101
SAN JOAQUIN;LICEO SANTA MARIA EUFRASIA;453.7185365853658
SANTIAGO;INTERNADO NACIONAL BARROS ARANA;641.0879931972789
SANTIAGO;COLEGIO DE ADULTOS ALTAZOL DE SANTIAGO;524.6415
LO ESPEJO;CENTRO DUC.CARDENAL JOSE MARIA CARO;520.0115384615385
ESTACION CENTRAL;ESCUELA DEL CARIÑO RICARDO NAVIA;528.683023255814
PUENTE ALTO;CENTRO EDUCACIONAL DE ADULTOS SAN ALFONSO;533.4353409090909
SANTIAGO;COLEGIO DE ADULTOS GLADYS LAZO;536.505593220339
PUENTE ALTO;COLEGIO CENTRO EDUC. Y FAMILIAR PTE ALTO;531.4292207792208
SANTIAGO;COLEGIO CTRO. INTEG  ADULTOS ALTAZOL;560.1505660377359
PEDRO AGUIRRE CERDA;COLEGIO DE AD. ANTONIO ACEVEDO;534.6557777777779
PUENTE ALTO;C. INTEGRAL DE AD. PROFESORA TERESA MOYA REYE;527.1227722772277
PEÑALOLEN;CENTRO EDUCACIONAL INTEGRAL DE ADULTOS ERASMO ESCALA ARRIAGADA (CEIA));526.611320754717
PROVIDENCIA;COLEGIO SANTISIMA TRINIDAD;624.5
EL BOSQUE;ESCUELA BASICA BASE EL BOSQUE;505.29999999999995
COLINA;LICEO REBECA OLIVARES BENITEZ;432.0733333333334
EL BOSQUE;COLEGIO DE ADULTOS JOSE ABELARDO NUNEZ EL BOS;534.9315384615385
RECOLETA;LICEO BICENTENARIO TÉCNICO PROFESIONAL IGNACIO DOMEYKO;564.6665463917526
SANTIAGO;COLEGIO PART. ADULTOS INSTITUTO ICEL;548.4558914728682
MAIPU;COLEGIO DE ADULTOS LOS LIBERTADORES DE MAIPU;547.8571559633027
LAS CONDES;COLEGIO COMPANIA DE MARIA APOQUINDO;748.6984090909091
PUENTE ALTO;ESCUELA CAMINO DE LUZ;461.0455102040816
CONCHALI;COLEGIO DE ADULTOS CARELMAPU DE CONCHALI;539.5753571428571
CERRILLOS;LICEO POLIVALENTE DR. LUIS VARGAS SALCEDO;533.1513043478261
MELIPILLA;LICEO POLIV. HNOS. SOTOMAYOR BAEZA;556.1462465753425
LA FLORIDA;COMPLEJO EDUC. MUNICIPAL CARDEN.A.SAMORE;540.527536231884
SANTIAGO;LICEO JAVIERA CARRERA;668.1657786357787
LA PINTANA;ESC. PART. CELESTIN FREINET;515.6109375
SAN MIGUEL;INST. REG. EDUC ADULTOS SAN MIGUEL;540.7341935483871
PADRE HURTADO;CENTRO EDUCACIONAL DE ADULTOS PADRE ALBERTO HURTADO;523.6026829268293
CERRO NAVIA;CENTRO EDUCACIONAL DE ADULTOS;558.0716666666666
RECOLETA;ESCUELA DE ADULTOS  JORGE ALESSANDRI R.;537.499945945946
LA CISTERNA;LICEO PART. SALESIANO MANUEL ARRIARAN BARROS;652.0456906077349
MAIPU;INSTITUTO  PARA  ADULTOS COSTEAU;524.6847826086956
LA GRANJA;LICEO DOCTOR ALEJANDRO DEL RIO;521.7878571428571
PUENTE ALTO;CENTRO EDUC. DE ADULTOS ISABEL LA CATOLICA;537.4872527472527
SAN JOAQUIN;LICEO INDUSTRIAL DE SAN MIGUEL AGUSTIN ED;551.1176515151515
TALAGANTE;LICEO TALAGANTE;568.4555399061032
LAS CONDES;COLEGIO DEL SAGRADO CORAZON DE APOQUINDO;797.9744186046512
SANTIAGO;LICEO INSTITUTO NACIONAL;728.7795287464655
LO ESPEJO;LICEO TENIENTE FRANCISCO MERY AGUIRRE;526.1403846153846
PUENTE ALTO; ;605.5062594268477
EL BOSQUE;LICEO JUAN GOMEZ MILLAS;531.2483802816902
SAN MIGUEL;COLEGIO DE AD. SAN JAVIER DE SAN MIGUEL;533.0488235294117
LA PINTANA;LICEO DE ADULTOS CEIA DE LA PINTANA;519.1144
LA FLORIDA;COLEGIO DE ADULTOS LONDON DE LA FLORIDA;556.5167441860466
PADRE HURTADO;COLEGIO POLIV. SAN CRISTOBAL APOSTOL;550.8806896551724
SANTIAGO;LICEO DE ADULTOS HERBERT VARGAS WALLIS;486.7036448598131
LA REINA;COMPLEJO EDUCACIONAL LA REINA;596.7789047619048
LO BARNECHEA;EDUCAR LO BARNECHEA;551.17
MAIPU;COLEGIO POLIVALENTE PATRICIO MEKIS;559.8474319066148
CERRO NAVIA;CEIA GEORGINA SALAS DINAMARCA;528.10359375
LO PRADO;ESCUELA CENTRO EDUC.INTEGRAL DE ADULTOS;572.6172340425532
SAN RAMON;LICEO MUNICIPALIZADO ARAUCANIA;521.2871052631579
SAN RAMON;CENTRO DE EDUCACION PAULA JARAQUEMADA;506.28560975609753
MAIPU;ESCUELA GENERAL OHIGGINS;547.8056
PEÑAFLOR;CENTRO EDUC. NINO DIOS DE MALLOCO;553.1750190114068
SAN JOAQUIN;CENTRO EDUCACIONAL HORACIO ARAVENA A.;550.3213793103448
LA CISTERNA;ESCUELA INDUSTRIAL GALVARINO N 2 VESP;473.0
PEÑAFLOR;CENTRO EDUCACIONAL DE ADULTOS DREYSE;545.2483333333333
MACUL;COLEGIO DE ADULTOS ROCKET;529.4104545454546
SAN JOAQUIN;COLEGIO INFOCAP;534.1360377358491
PUENTE ALTO;CHILEAN EAGLES COLLEGE LAS VIZCACHAS;615.7059047619048
LA PINTANA;CENTRO EDUCACIONAL MUN.MARIANO LATORRE;516.9227027027027
SANTIAGO;LICEO CONFEDERACION SUIZA;587.7892452830189
QUINTA NORMAL;COLEGIO DE ADULTOS ESCUELA DEL CARIÑO;533.4649999999999
RECOLETA;CENTRO EDUCACIONAL JOSE MIGUEL CARRERA;540.3064772727273
LA PINTANA;ESC. BASICA PART.IBEROAMERICANO;556.32703125
LO BARNECHEA;INSTITUTO FERMIN VIVACETA;526.0448979591837
LA FLORIDA;ESCUELA BELEN O¦HIGGINS;537.98375
INDEPENDENCIA;LICEO GABRIELA MISTRAL;565.2804166666666
ISLA DE MAIPO;LICEO REPUBLICA DE ITALIA;513.4965217391305
PEÑALOLEN;COLEGIO LIKANKURA DE PEÑALOLÉN;494.88120000000004
PEDRO AGUIRRE CERDA;C.E.I.A.PEDRO AGUIRRE CERDA;535.5238461538462
SANTIAGO;LICEO NRO 2 MIGUEL LUIS AMUNATEGUI;581.3599029126214
LA GRANJA;ESCUELA DEL CARIÑO SAINT CHRISTIAN;513.5799999999999
LA FLORIDA;COLEGIO DE ADULTOS HERNANDO DE MAGALLANES;540.1225000000001
PEÑALOLEN;ESCUELA SANTA MARIA DE PENALOLEN;506.68440000000004
LA FLORIDA;LICEO INDIRA GANDHI;556.6965979381444
LA FLORIDA;CENTRO EDUCACIONAL DE ADULTOS RAFAEL SOTOMAYO;502.79650000000004
PADRE HURTADO;LICEO BICENTENARIO DE EXCELENCIA PATRICIO MEKIS DE PADRE HURTADO;555.0059913793103
MELIPILLA;LICEO LOS JAZMINES;546.408
ÑUÑOA;LICEO EXPERIMENTAL MANUEL DE SALAS;715.7678500000001
PUENTE ALTO;ESCUELA DOMINGO FAUSTINO SARMIENTO;553.2144186046512
LA CISTERNA;LICEO TÉCNICO INDUSTRIAL LA CISTERNA;552.5222222222222
SANTIAGO;LICEO DE APLICACION RECTOR JORGE E SCHNE;634.0374137931035
LO BARNECHEA;INSTITUTO HEBREO DR CHAIM WEIZMANN-ORT;834.2224242424243
LA PINTANA;COLEGIO SIMON BOLIVAR;514.6001960784314
LAS CONDES;COLEGIO VILLA MARIA ACADEMY;822.5687012987013
CALERA DE TANGO;LICEO LONQUEN;551.5967857142857
SANTIAGO;LICEO N° 4 BICENTENARIO ISAURA DINATOR;590.8177235772358
RENCA;COLEGIO DE ADULTO LAURA VICUNA DE RENCA;543.4647368421053
SAN BERNARDO;LICEO POLIVALENTE A-127 FIDEL PINOCHET LE-BRUN;560.3143518518518
ESTACION CENTRAL;COLEGIO DE AD. SANTA MARIA DEL TRABAJO DE EST;540.7516
QUINTA NORMAL; ;605.5062594268477
LAS CONDES;ESCUELA MILITAR LIB CAP GRAL BDO O'HIGG R.;624.72
SANTIAGO;LICEO 6 BICENTENARIO TERESA PRATS;605.9541798941799
ESTACION CENTRAL;LICEO DE ADULTOS MUNICIPALIZADO LUIS GOMEZ CATALAN;545.5932911392406
PEÑALOLEN;ESCUELA BASICA Y ESPECIAL N° 2078 GENESIS 2005;534.5513636363636
LA FLORIDA;COLEGIO HUGO LANDAURO HENRIQUEZ;529.705
VITACURA; ;605.5062594268477
PEÑALOLEN;ESCUELA TOBALABA;560.3983333333333
PEÑALOLEN;COLEGIO DE ADULTOS ANTU-ANAY;529.0722222222222
PUDAHUEL;LICEO DE ADULTOS ALBERTO GALLEGUILLOS J.;538.8276146788991
PROVIDENCIA;LICEO CARMELA CARVAJAL DE PRAT;704.5603244274809
PUENTE ALTO;COLEGIO DE ADULTOS INSTITUTO ROGERIANO;541.3746938775511
PROVIDENCIA;LICEO JOSE VICTORINO LASTARRIA;685.484890625
SANTIAGO;LICEO  DE  ADULTOS  INSIEME;569.0398571428572
PUENTE ALTO;CENTRO EDUC. PRINCIPADO DE ASTURIA ADULTO;536.8918867924529
QUILICURA;COLEGIO SAN ALBERTO HURTADO;532.9378082191781
SANTIAGO;LICEO JOSE MIGUEL INFANTE;636.7816260162601
SAN BERNARDO;LICEO DE ADULTOS PUCARA DE CHENA;542.5239325842697
LA PINTANA;LICEO MUNICIPAL EL ROBLE;538.0996875
PUENTE ALTO;COLEGIO PART. LOS OLMOS DE PTE. ALTO;554.5704761904763
PEÑALOLEN;CENTRO EDUCACIONAL FUNDACION PAULA JARAQUEMAD;526.2281818181818
MELIPILLA;COLEGIO  INSTITUTO MANQUEHUE;551.7711650485437
SAN BERNARDO;ESC BASICA PART EMILIA GONZALEZ ESPINOZA;577.3238793103449
QUINTA NORMAL;LICEO GUILLERMO LABARCA HUBERTSON;544.5340740740742
ÑUÑOA;LICEO TECNICO B NÕ 58 JOSE MARIA NARBONA;536.0449645390071
CURACAVI;CENTRO DE ESTUDIOS FRANCISCO BILBAO DE CURACA;514.1478048780488
LA FLORIDA;PROFESOR FRANCISCO VERGARA BOBADILLA;547.3881818181818
TALAGANTE;COLEGIO SAGRADO CORAZON;505.53999999999996
SAN BERNARDO;ESCUELA ELEODORO YANEZ PONCE DE LEON;523.9290476190477
EL BOSQUE;LICEO FRAY LUIS BELTRAN;533.9679166666666
BUIN;ESCUELA DEL CARIÑO KIMELTUWE;520.2751351351351
PEÑAFLOR;LICEO MUNICIPALIZADO PENAFLOR;547.7692592592592
MAIPU;COLEGIO ADULTOS  ALFRED NOBEL;524.8361111111111
ISLA DE MAIPO;CENTRO EDUCACIONAL ISLA DE MAIPO;525.7488157894737
MAIPU;COLEGIO PART. DE ADULTOS ITSA;534.41625
RENCA;LICEO MUNICIPAL FRANCISCO INFANTE ABBOT;483.5
RECOLETA;LICEO LEONARDO MURIALDO;662.6404587155963
PEDRO AGUIRRE CERDA; ;605.5062594268477
SAN RAMON;ESCUELA ESPECIAL DE ADULTOS;514.3206451612904
SAN BERNARDO;LICEO VALLE DE LLUTA;518.9903846153846
HUECHURABA;CENTRO EDUCACIONAL BICENTENARIO DE EXCELENCIA DE HUECHURABA;523.9801769911504
SAN JOAQUIN;ESC. TECNICA E INST. COMER. SAINT LAWRENCE;576.705
INDEPENDENCIA;COLEGIO POLIVALENTE PLUS ULTRA;543.0077674418604
VITACURA;LYCÉE ANTOINE DE SAINT-EXUPÉRY;753.7296026490067
PEÑAFLOR;CENTRO EDUCACIONAL ADULTOS KAIROS;482.7040740740741
CONCHALI;LICEO ALBERTO BLEST GANA;535.73
INDEPENDENCIA;LICEO SANTA TERESITA;561.9878828828829
QUINTA NORMAL;LICEO POLIVALENTE JUAN A.RIOS;565.8685555555555
QUILICURA;LICEO JOSE DOMINGO CANAS;610.4451851851852
PEÑALOLEN;COLEGIO PART. ALTAMIRA-ADULTOS;537.5990909090909
LO ESPEJO;COLEGIO EDUCAD LO ESPEJO;533.2411111111111
PUENTE ALTO;ESCUELA VOLCAN SAN JOSE;508.72818181818184
HUECHURABA;COLEGIO DE ADULTOS JOSE ABELARDO NUNEZ;541.853
SANTIAGO;COLEGIO SAN IGNACIO;763.217625
LA FLORIDA;LICEO NUEVO AMANECER;548.365421686747
SAN BERNARDO;ESCUELA BASICA ANTUPILLAN;538.1935294117646
RENCA;LICEO THOMAS ALVA EDISON;528.3441176470589
COLINA;COLEGIO DE ADULTOS SAN ANDRES DE COLINA;539.2304651162791
SAN BERNARDO;LICEO NUEVO PORVENIR;547.8825
PIRQUE; ;605.5062594268477
COLINA;LICEO HUMBERTO DIAZ CASANUEVA;447.4746153846154
LAMPA;LICEO MUNICIP. DE ADULTOS PEDRO J. RODRIGUEZ;530.75375
SANTIAGO;COLEGIO NUESTRA SENORA DE ANDACOLLO;642.4242028985507
RECOLETA;COMERCIAL AVDA.RECOLETA;581.8033333333333
PROVIDENCIA; ;605.5062594268477
LA REINA;COLEGIO SANTA CATALINA LABOURÉ;625.1769811320754
PROVIDENCIA;LICEO Nº7 DE PROVIDENCIA LUISA SAAVEDRA;667.7619952494061
CERRO NAVIA;LICEO POLIVALENTE LOS HEROES DE LA CONCEPCIÓN;524.0285135135135
PEDRO AGUIRRE CERDA;LICEO POLIVALENTE EUGENIO PEREIRA SALAS;543.55390625
LA PINTANA;ESC.BASICA PROF.AURELIA ROJAS BURGOS;548.2555555555556
SAN MIGUEL;LICEO ANDRES BELLO;621.1360747663551
MELIPILLA;COLEGIO DE ADULTOS  ALBA DE ORO;581.6427586206896
SAN MIGUEL;ESC. ESP. DE ADULTOS HUGO MORALES BIZAMA;458.84125
SAN MIGUEL;COLEGIO CORAZON DE MARIA;672.835
COLINA;COLEGIO DE ADULTOS SEMBRADOR SAN BENITO;526.3100000000001
LO ESPEJO;COMPLEJO EDUC. ADULTOS CALETA SUR;525.1353571428571
LA REINA;COLEGIO ANDREE ENGLISH SCHOOL;823.1095054945055
PUDAHUEL;COLEGIO POLIV. SAN LUIS BELTRAN;558.768761904762
MAIPU; ;605.5062594268477
RECOLETA;LICEO A-1 VALENTIN LETELIER;543.6358677685951
SAN JOSE DE MAIPO;LICEO POLIVALENTE SAN JOSE DE MAIPO;525.41140625
PUENTE ALTO;LICEO COMERCIAL DE PUENTE ALTO;533.9895180722891
SANTIAGO;LICEO TECNICO A N° 27 CLELIA CLAVEL DINAT;532.9322751322751
EL MONTE;CENTRO  EDUCACIONAL  DE  ADULTOS  EL MONTE;480.01599999999996
LAS CONDES;COLEGIO SCUOLA ITALIANA VITTORIO MONTIGLIO;759.7721111111111
PROVIDENCIA;COLEGIO SAN IGNACIO EL BOSQUE;796.4948913043478
COLINA;LICEO POLIVALENTE RIGOBERTO FONTT I.;539.9404166666667
BUIN;LICEO 131;551.5862678062678
MAIPU;COLEGIO SAN LEONARDO;648.4613333333333
SANTIAGO;COLEGIO DE ADULTOS YANQUIRAY;522.5
SANTIAGO;LICEO MUNICIPAL METROPOLITANO DE ADULTOS;565.1004761904762
TILTIL;COLEGIO DE ADULTOS ALTOS DEL HUERTO;553.5622222222223
PUDAHUEL; ;605.5062594268477
PUDAHUEL;ESCUELAS  DEL  CARIÑO ALBORADA;546.5426666666666
SANTIAGO;COLEGIO DE ADULTOS INSTITUTO TABANCURA SEDE LONDRES;585.5686885245902
MELIPILLA;COLEGIO MARAMBIO;724.2695081967214
SANTIAGO;LICEO JOSE MIGUEL CARRERA;489.0
RECOLETA;COLEGIO  EDUCAR ADULTOS  RECOLETA;532.6722222222222
SAN BERNARDO; ;605.5062594268477
ÑUÑOA;LICEO COMERCIAL GABRIEL GONZALEZ VIDELA;568.8925503355705
LA FLORIDA;COLEGIO SANTA MARIA;629.6582993197279
LA CISTERNA;CENTRO EDUCACIONAL SANTA ROSA;551.1030597014925
MAIPU;COLEGIO DE AD. EDUCAP;545.5989655172414
LO ESPEJO;LICEO POLIVALENTE;518.0818604651163
LA GRANJA;LICEO POLIVALENTE FRANCISCO FRIAS V.;552.0141176470588
CALERA DE TANGO;RIELJAN COLLEGE;537.4101923076923
SAN BERNARDO;CENTRO EDUC. PADRE ALBERTO HURTADO DE SAN BER;538.9018072289157
PROVIDENCIA;COLEGIO UNIVERSITARIO INGLES;686.2828571428571
BUIN; ;605.5062594268477
LA CISTERNA;CENTRO POLITECNICO PARTICULAR SAN RAMON;542.9160869565218
MAIPU;CENTRO DE EDUCACIÓN DE ADULTOS BERNARDO O´HIGGINS DE MAIPÚ;558.579024390244
ESTACION CENTRAL;LICEO BICENTENARIO POLIVALENTE A N°71 GUILLERMO FELIU CRUZ;525.9894444444444
PUENTE ALTO;COLEGIO SAN FERNANDO DE PUENTE ALTO;574.6917073170732
LA CISTERNA;LICEO POLITECNICO GALVARINO N.2;577.16625
ESTACION CENTRAL;LICEO METROPOLITANO;595.8
SAN RAMON;LICEO COMERCIAL VATE VICENTE HUIDOBRO;556.897840909091
TALAGANTE;CENTRO DE EDUC. INTEGRADA DE ADULTOS TALAGANT;539.4192307692308
SANTIAGO;COLEGIO DE ADULTOS PULMAHUE;583.4331428571428
SAN MIGUEL;COLEGIO CHILE ANEXO;588.6
PROVIDENCIA;ESCUELA Y LICEO PAULINA VON MALLINCKRODT;562.9883647798741
PUENTE ALTO;ESCUELA TECNICA LAS NIEVES;606.5
SAN BERNARDO;COLEGIO CORDILLERA DE LOS ANDES;493.42150000000004
VITACURA;COLEGIO LOS ANDES DE VITACURA;788.9487058823529
SAN MIGUEL;LICEO COMERCIAL INSTITUTO SUPERIOR DE COMERCIO DE CHILE (EX A99);559.0720920502092
LA FLORIDA;ESC BASICA PARTICULAR SAN VALENTIN;545.302
CONCHALI;COLEGIO EDUCAADULTOS CONCHALI;543.2274358974358
MAIPU;COLEGIO INSTITUTO RAMÓN FREIRE;571.9697777777777
LAS CONDES;ESCUELA DE PARVULOS N°1527 ALEXANDER MONTESSORI;631.02
SAN MIGUEL;LICEO TECNICO A-100 DE SAN MIGUEL;542.8069178082192
SAN BERNARDO;MASTER COLLEGE;615.6611904761905
SANTIAGO;INSTITUTO COMERCIAL ELIODORO DOMINGUEZ DOMINGUEZ;583.3402473498234
PUENTE ALTO;LICEO GENERAL PEDRO LAGOS;561.0
LA FLORIDA;COLEGIO PARTICULAR THE GARDEN SCHOOL;622.46
PROVIDENCIA;CENTRO EDUCACIONAL OMEGA;602.41
PUENTE ALTO;CENTRO TECNICO EDUCACIONAL SAN CAYETANO;560.187641509434
CONCHALI; ;605.5062594268477
SANTIAGO;LICEO DE ADULTOS PART.FERMIN VIVACETA;539.7108000000001
SANTIAGO;COLEGIO SAN FRANCISCO DE ASIS DE BELEN;640.5527419354838
PAINE;CENTRO EDUC. ENRIQUE BERNSTEIN CARABANTE;543.7426020408163
SANTIAGO; ;605.5062594268477
PROVIDENCIA;COLEGIO MARIANO;759.2751282051282
SAN BERNARDO;LICEO INDUSTRIAL HARDWARE;538.7040000000001
LO BARNECHEA;COLEGIO SANTIAGO COLLEGE;823.6740789473685
LA FLORIDA;COLEGIO PARTICULAR SAN FRANCISCO DE ASIS;616.3756190476191
PROVIDENCIA;LICEO B 42 TAJAMAR;617.7968722466961
SAN BERNARDO;COLEGIO POLIV. SAN BERNARDO ABAD;539.0534653465347
PUENTE ALTO;CENTRO EDUCACIONAL NUEVA CREACION;546.3544
SAN MIGUEL;COLEGIO DE ADULTOS PART. VASCO DE GAMA;558.8779999999999
ESTACION CENTRAL;LICEO COMERCIAL B-72;550.8282170542635
PROVIDENCIA;COLEGIO ARGENTINO DEL SAGRADO CORAZON;795.0
SANTIAGO;COLEGIO INSTITUTO ALONSO DE ERCILLA;763.0559071729958
MAIPU;COMPLEJO EDUCACIONAL ALBERTO WIDMER;599.5474264705882
TALAGANTE;ENGLISH COLLEGE;561.967880794702
LA CISTERNA;LICEO POLITECNICO CIENCIA Y TECNOLOGIA;569.3026618705037
PAINE;LICEO MUNICIPAL DE ADULTO MIGUEL CAMPINO LARRAIN;528.0348484848486
SANTIAGO;ESCUELA NACIONAL DE CAPACITACION ENAC;656.0
MACUL;LICEO VILLA MACUL ACADEMIA EX LICEO JUANA DE IBARBOUROU A 48;578.958
PROVIDENCIA;LICEO POLIVALENTE ARTURO ALESSANDRI P.;618.7102150537635
LAS CONDES;LICEO RAFAEL SOTOMAYOR;652.6921
LA CISTERNA;CENTRO EDUCACIONAL SANTA CLARA;619.0884615384615
VITACURA;COLEGIO LA MAISONNETTE;742.1103278688526
PEÑALOLEN;LICEO JUAN BAUTISTA PASTEN;575.1755555555555
INDEPENDENCIA;LICEO AVENIDA INDEPENDENCIA DIURNO;645.0
MACUL; ;605.5062594268477
ÑUÑOA;ESCUELA BENJAMIN CLARO VELASCO;734.5
SANTIAGO;LICEO PROFESIONAL ABDON CIFUENTES;587.6043414634146
LA CISTERNA;INSTITUTO COMERCIAL PARTICULAR LA CISTERNA;548.7610576923078
LA CISTERNA;LICEO MADRE CECILIA LAZZERI;670.5446043165467
LAS CONDES;COLEGIO REDLAND SCHOOL;790.6180555555555
MELIPILLA;COLEGIO POLIVALENTE SAN AGUSTIN;564.5128537735849
VITACURA;COLEGIO SANTA URSULA;762.2985087719298
LO BARNECHEA;COLEGIO LINCOLN INTERNATIONAL ACADEMY;842.3714634146343
INDEPENDENCIA;COLEGIO POLITECNICO AVDA INDEPENDENCIA;469.3333333333333
LA GRANJA;LICEO MALAQUIAS CONCHA;559.0359649122806
SANTIAGO;LICEO MANUEL BARROS BORGONO;631.4471351351351
TALAGANTE;LICEO COMERCIAL TALAGANTE;570.7138888888888
RECOLETA;COMPLEJO EDUCACIONAL JUANITA FERNANDEZ SOLAR;503.94717647058826
SAN MIGUEL;LICEO POLITECNICO SAN LUIS;537.3033714285714
RECOLETA; ;605.5062594268477
LA PINTANA;COLEGIO DE AD. INSTITUTO HUMBOLDT;571.9545454545455
MAIPU;LICEO JOSE IGNACIO ZENTENO;573.6985507246376
SAN BERNARDO;COLEGIO SAN JOSE;606.1662037037037
SANTIAGO;COLEGIO EXCELSIOR;620.8873966942149
PROVIDENCIA;COLEGIO INSTITUTO DE HUMANIDADES LUIS CAMPINO;708.8155813953489
LA CISTERNA;COLEGIO BICENTENARIO DE EXCELENCIA MIGUEL DE CERVANTES;538.4042045454545
LA FLORIDA;LICEO BICENTENARIO DE EXCELENCIA BENJAMIN VICUNA MACKENNA;566.4324817518249
SAN BERNARDO;COLEGIO AMERICAN ACADEMY;713.0688095238095
ÑUÑOA;CENTRO POLITECNICO PARTICULAR DE NUNOA;546.6812295081967
SAN RAMON;CENTRO EDUCACIONAL MUNICIPAL SAN RAMON;530.9868421052631
LAMPA;COLEGIO ADULTOS MANQUEHUE;529.9597183098591
SANTIAGO;CENTRO EDUCATIVO SALESIANOS ALAMEDA;630.559536423841
RENCA;LICEO POLITECNICO PARTICULAR ANDES;616.599693877551
MAIPU;COLEGIO DE ADULTOS PRESBITERIANO DE MAIPU;534.8214285714286
EL BOSQUE;COLEGIO VILLA SANTA MARIA;547.148
QUILICURA; ;605.5062594268477
SANTIAGO;LICEO POLIVALENTE A-28 EMILIA TORO DE BAL;534.0295667870037
PUENTE ALTO;ESCUELA INDUSTRIAL LAS NIEVES;565.16435
CERRO NAVIA;LICEO POLITECNICO SAN FRANCISCO SOLANO;537.732
ESTACION CENTRAL;COLEGIO FRANCISCANO MARIA REINA;640.6748275862069
MELIPILLA;LICEO POLIV. EL BOLLENAR;506.0225974025974
RECOLETA;LICEO PDTE.ARTURO ALESSANDRI-DIURNO;581.79
PUENTE ALTO;LICEO MUNIC.ING.MILITAR JUAN MACKENA O.;563.6113609467455
PROVIDENCIA;COL.  PART. SALES. EL PATROCINIO DE SAN JOSE;715.9957142857144
MAIPU;COLEGIO ESC.  JOSE MANSO DE VELASCO;561.2728571428571
PROVIDENCIA;COLEGIO PARTICULAR REGINA PACIS;634.0259829059828
PROVIDENCIA;COLEGIO COMPANIA DE MARIA-SEMINARIO;700.2805319148936
INDEPENDENCIA;INSTITUTO COMERCIAL PITAGORAS;605.37
LAMPA;COMPLEJO EDUCACIONAL DE LAMPA;567.5
LA GRANJA;COLEGIO SAN GREGORIO DE LA SALLE;637.2806603773585
LAS CONDES;COLEGIO SAN PATRICIO;657.23
PUENTE ALTO;COLEGIO POLIVALENTE ELISA VALDES;558.5651515151516
VITACURA;COLEGIO HUELEN;794.7755555555556
SAN BERNARDO;LICEO POLIVALENTE SANTIAGO DE COMPOSTELA;550.0967682926829
LA FLORIDA; ;605.5062594268477
LAMPA;LICEO BICENTENARIO MANUEL PLAZA REYES DE LAMPA;527.1479668049793
PEÑALOLEN;COLEGIO FRANCISCO DE MIRANDA;703.6789655172413
SAN MIGUEL;COLEGIO SANTA ROSA;615.0070247933885
ÑUÑOA;COLEGIO SAN AGUSTIN;765.7851968503937
LAMPA;ESCUELA BASICA CACIQUE COLIN;550.6038461538462
LAMPA;COMPLEJO EDUC.MUNIC.MANUEL PLAZA R ANEXO;639.1700000000001
MACUL;CENTRO EDUCACIONAL JULIO VERNE;560.75
SANTIAGO;COLEGIO INDUSTRIAL VASCO NUNEZ DE BALBOA;533.9583783783784
SANTIAGO;LICEO DARIO SALAS;577.5487179487179
INDEPENDENCIA;ESCUELA TECNICA L.BDO.O´HIGGINS-DIURNA;583.395
SAN JOAQUIN;INSTIT COMERCIAL LIB BDO O HIGGINS N 3;514.5
MAIPU;COLEGIO POLIVALENTE CAMILO HENRIQUEZ;693.2052459016393
TALAGANTE;COLEGIO ALCANTARA DE TALAGANTE;648.0251515151515
PROVIDENCIA;COLEGIO POLIV. PROF. GUILLERMO GONZALEZ HEIN;602.3377611940298
LO BARNECHEA;COLEGIO CRAIGHOUSE;799.7152985074628
RECOLETA;LICEO PAULA JARAQUEMADA;558.5959183673469
ISLA DE MAIPO; ;605.5062594268477
CERRILLOS;COLEGIO INDUSTRIAL PART. DON ORIONE;623.0344976076556
TALAGANTE;LICEO POLITECNICO DE TALAGANTE;521.266641221374
ÑUÑOA;LICEO POLITECNICO A N° 60 PRESIDENTE MANUEL MONTT;558.716
ÑUÑOA;INSTITUTO SUPERIOR DE COMERCIO DIEGO PORT;569.5327477477477
SAN JOSE DE MAIPO; ;605.5062594268477
SAN MIGUEL;INSTITUTO COMERCIAL PART D MADRID;544.5
SANTIAGO;COLEGIO SAN ANTONIO;639.9447887323944
SAN BERNARDO;COLEGIO DE LA INMACULADA CONCEPCIÓN;667.6353781512605
BUIN;LICEO POLIVALENTE MODERNO CARDENAL CARO;602.9809799554566
SANTIAGO;INSTITUTO COMERCIAL BLAS CANAS;568.1216233766233
LA PINTANA;LICEO MUNICIPALIZADO CENT.ED. LA PINTANA;583.0
EL BOSQUE;COLEGIO VILLA CORDILLERA;562.5
RECOLETA;LICEO COMERCIAL LUIS CORREA PRIETO;548.6268987341772
MAIPU;COMPLEJO EDUCACIONAL MAIPU;585.3176515151515
LAS CONDES;COLEGIO TEC.HOTELERIA Y GASTRONOMIA ACHIGA CO;556.9171337579618
MAIPU;LICEO INDUSTRIAL DOMINGO MATTE PEREZ;563.7631666666667
PUENTE ALTO;LICEO PUENTE ALTO;563.444375
MAIPU;LICEO MATER PURISSIMA;660.1211926605505
PUENTE ALTO;COLEGIO PART.POLITECNICO EYZAGUIRRE;560.9775330396476
LA PINTANA;COLEGIO EL ALMENDRAL;510.0
PUENTE ALTO;COLEGIO SOCHIDES;526.9942307692307
VITACURA;COLEGIO SAN BENITO;821.3433571428571
RECOLETA;COLEGIO SAN BENILDO;569.0244827586207
ÑUÑOA;COLEGIO INSTITUTO SANTA MARIA;682.454888888889
PROVIDENCIA;WEXFORD COLLEGE N 2;615.4882352941177
RENCA;CENTRO EDUCACIONAL FEDERICO GARCIA LORCA;547.5938181818182
MAIPU;COLEGIO SANTA URSULA;762.2985087719298
SAN BERNARDO;CENTRO EDUCACIONAL BALDOMERO LILLO;522.81125
SANTIAGO;COLEGIO POLIV. MANUEL BAQUEDANO;692.4483333333334
ÑUÑOA;COLEGIO MANQUECURA ÑUÑOA;738.0522448979591
PUENTE ALTO;LICEO BICENTENARIO TÉCNICO LAS NIEVES;537.9358297872341
SAN MIGUEL;ESCUELA  E INSTITUTO DE MADRID;519.3199999999999
SAN JOAQUIN;COLEGIO ESPIRITU SANTO DEL VERBO DIVINO;543.0183333333333
SANTIAGO;LICEO FRANCES;756.2233333333334
LA CISTERNA;LICEO PORTAL DE LA CISTERNA;574.24225
LA CISTERNA;LICEO BICENTENARIO INDUSTRIAL DE ELECTROTECNIA RAMON B;595.8244785276073
LA FLORIDA;COLEGIO SAN DAMIAN;617.7716447368421
LA CISTERNA;COMPLEJO EDUCACIONAL LOS ANDES;536.0
LAMPA; ;605.5062594268477
EL BOSQUE;LICEO CHRISTA MC AULIFFE;577.5988571428571
BUIN;LICEO TECNICO PROFESIONAL DE BUIN;528.703670886076
MAIPU;COLEGIO PARTICULAR DE ADULTOS SANTA MARIA DEL TRABAJO;543.0765384615385
PUENTE ALTO;LICEO IND. MUNICIPALIZADO A N_ 116;536.2097540983606
LA FLORIDA;COLEGIO ALAIN DE LA FLORIDA;568.1061538461538
COLINA;COLEGIO DESIREE;587.2326666666667
LA FLORIDA;COLEGIO FLORIDA HIGH SCHOOL;601.3080769230769
EL BOSQUE;ESCUELA PARTICULAR CAMPANITA;500.5
EL BOSQUE;COLEGIO JUAN BAUTISTA DURAN;551.8498000000001
ÑUÑOA;COL TEC PROFESIONAL REPUBLICA ARGENTINA;557.8728484848485
PEÑALOLEN;COLEGIO PEDRO DE VALDIVIA -PEÑALOLEN;738.557514619883
QUILICURA;COMPLEJO EDUCACIONAL J. MIGUEL CARRERA;526.3356849315068
SAN BERNARDO;COLEGIO SUPERIOR DEL MAIPO;620.30832
MAIPU;INSTITUTO SAN SEBASTIAN DE MAIPU;574.0
SANTIAGO;INSTITUTO TABANCURA;570.0
LAS CONDES;COLEGIO CIUDADELA MONTESSORI DE LAS CONDES;680.1428571428571
ÑUÑOA;LICEO JOSE TORIBIO MEDINA;621.5213315926893
ÑUÑOA;INST. POLITEC. PROF. GUILLERMO GONZALEZ HEINR;561.613596491228
SANTIAGO;LICEO  MARIA AUXILIADORA;650.5
SANTIAGO;LICEO INDUSTRIAL DE LA CONSTRUCCION VICTOR BEZANILLA SALINAS;552.2531250000001
LA FLORIDA;COLEGIO QUINTO CENTENARIO CORDILLERA;592.210125
MELIPILLA;COLEGIO POMAIRE;570.3000000000001
PAINE;COLEGIO PART. MARIA ANA MOGAS;653.7746788990826
LAS CONDES;COLEGIO JOHN ANDREWS ADVENTIST ACADEMY;685.3786440677966
INDEPENDENCIA;COLEGIO PARTICULAR JUAN PABLO;544.9330769230769
TALAGANTE;COMPLEJO EDUC. AGRICOLA DE TALAGANTE;574.5
QUINTA NORMAL;LICEO BICENTENARIO INDUSTRIAL VICENTE PEREZ ROSALES;564.948024691358
SAN BERNARDO;INSTITUTO SAN PABLO MISIONERO;646.8660377358491
MELIPILLA;COLEGIO PARTICULAR MELIPILLA;629.8076288659794
EL BOSQUE;CENTRO EDUCACIONAL MATIAS COUSINO;523.3875609756097
LA FLORIDA;COLEGIO ALCANTARA CORDILLERA;669.5
MACUL;COLEGIO SAN MARCOS;682.7198924731182
SANTIAGO;COLEGIO  PEDRO DE VALDIVIA-AGUSTINAS;733.0078612716763
SANTIAGO;INSTITUTO DE ENS.MEDIA CLAUDIO MATTE;686.7260714285715
MAIPU;COLEGIO DE LA PROVIDENCIA C.LARRAIN DE I;604.4156428571429
PEDRO AGUIRRE CERDA;LICEO TÉCNICO CLOTARIO BLEST RIFFO;513.0215068493151
LAS CONDES;COLEGIO SAN FRANCISCO DE ASIS;793.5325301204819
SAN MIGUEL;ESCUELA INDUSTRIAL PART. LAUTARO;517.3285714285714
SANTIAGO;LICEO MIGUEL DE CERVANTES Y SAAVEDRA;588.6234
SAN MIGUEL;COLEGIO BICENTENARIO SANTO CURA DE ARS;624.9582203389831
SAN PEDRO;LICEO MUNICIPAL DE SAN PEDRO;564.5467142857142
MAIPU;COLEGIO OXFORD COLLEGE;717.0
MAIPU;LICEO MAIPÚ DE LAS ARTES Y LA TECNOLOGÍA;560.4300917431192
PEÑALOLEN; ;605.5062594268477
SAN MIGUEL;COLEGIO  PAULO  FREIRE  DE  SAN  MIGUEL;565.6371666666668
LAS CONDES;COLEGIO CUMBRES;818.726282051282
SANTIAGO;LICEO JOSÉ DE SAN MARTIN;562.3271052631579
CERRILLOS;ESCUELA INDUSTRIAL PARTICULAR CERRILLOS;553.184
SANTIAGO;CENTRO EDUCACIONAL DE ADULTOS EL PRADO;534.9333333333333
LA FLORIDA;COLEGIO POLIV. SAN SEBASTIAN DE LA FLORIDA;561.3641025641026
RECOLETA;INSTIT.CAPITAN JOSE LUIS ARANEDA C.;443.64
CERRILLOS; ;605.5062594268477
PEDRO AGUIRRE CERDA;INSTITUTO COMERCIAL PADRE ALBERTO HURTADO DE PEDRO AGUIRRE CERDA;530.7485416666667
INDEPENDENCIA;LICEO POLIVALENTE A80 PRESIDENTE JOSE MANUEL BALMACEDA;561.2342028985507
PADRE HURTADO; ;605.5062594268477
ESTACION CENTRAL;COLEGIO GREENLAND SCHOOL;736.204262295082
CERRO NAVIA; ;605.5062594268477
LA REINA;COLEGIO CORONEL ELEUTERIO RAMIREZ MOLINA;625.16075
LA GRANJA;LICEO BICENTENARIO NUESTRA SEÑORA DE GUADALUPE;600.7977884615385
LA FLORIDA;COLEGIO PARTICULAR NUEVA ERA SIGLO XXI;625.3465346534654
LA FLORIDA;WASHINGTON CENTER LA FLORIDA;621.5566666666667
SANTIAGO;LICEO POLIVALENTE ITALIA;876.5
TALAGANTE;COLEGIO PARTICULAR INTEGRAL ARTURO PRAT;641.9521951219513
SAN MIGUEL;COLEGIO PANAMERICAN COLLEGE;715.0
LA FLORIDA;INSTITUTO DE A MANUEL BULNES PRIETO;638.5
PUENTE ALTO;LICEO MUNICIPAL CHILOE;546.2770967741935
LAMPA;ESC PART. SIGLO XXI DE LAMPA;523.069
MAIPU;COLEGIO, LICEO COMERCIAL SAN JOSE;660.304
MAIPU;CENTRO EDUCACIONAL PIAMARTINO CAROLINA LLONA DE CUEVAS;549.3502456140351
RENCA;CENTRO EDUCACIONAL LAURA VICUNA;510.8988461538462
LAS CONDES;LICEO ALEXANDER FLEMING DE LAS CONDES;680.4494949494949
PUENTE ALTO;CENTRO EDUCACIONAL FERNANDO DE ARAGON;566.3038736263736
MAIPU;COLEGIO PARTICULAR KRONBERG COLLEGE;649.4575
PROVIDENCIA;COLEGIO MARIA INMACULADA;696.35496
PUENTE ALTO;COLEGIO EDUC.PART. COMP.DE MARIA P. ALTO;630.7067826086957
SANTIAGO;LICEO COMERCIAL JOAQUIN VERA MORALES;570.8467391304348
QUILICURA;CENTRO EDUCACIONAL DE ADULTOS CEDUCA;574.17875
ÑUÑOA;LICEO BICENTENARIO CARMELA SILVA DONOSO;679.6941489361702
RENCA;LICEO INDUSTRIAL BICENTENARIO BENJAMIN DAVILA LARRAIN;556.7523923444976
MAIPU;COLEGIO JACQUES COUSTEAU;530.812619047619
EL BOSQUE;COMPLEJO EDUCACIONAL STELLA MARIS;605.930243902439
ESTACION CENTRAL; ;605.5062594268477
LO BARNECHEA;COLEGIO POLIVALENTE SAN RAFAEL;738.4694029850746
RENCA;COLEGIO POLIVALENTE BRITANIA RENCA;580.45
CERRO NAVIA;COLEGIO TEC. PROFESIONAL DON ENRIQUE ALVEAR;519.25
SAN MIGUEL;ESCUELA PARTICULAR Y COLEGIO CHILE;622.0074418604652
LAS CONDES; ;605.5062594268477
LA CISTERNA;COLEGIO SANTA ISABEL DE HUNGRIA;640.5294615384615
SAN BERNARDO;CENTRO EDUC.PART.ORDEN DE SAN JORGE;575.5265625
VITACURA;COLEGIO BRADFORD SCHOOL;766.2108571428571
INDEPENDENCIA; ;605.5062594268477
MAIPU;ESCUELA PARTICULAR SALVADOR DALI;577.0
LO PRADO;LICEO TENIENTE DAGOBERTO GODOY NO.3;581.27
SANTIAGO;COLEGIO SANTA ELENA CARMELITAS MISIONERAS TERESIANA;646.8131111111111
PUENTE ALTO;COLEGIO PEDRO APOSTOL;621.7624509803921
LA REINA;COLEGIO SUPERIOR CAMBRIDGE;637.77125
SAN BERNARDO;INSTITUTO SAGRADO CORAZON;657.5185616438357
SANTIAGO;COLEGIO DE ADULT.ACADEMIA ESTUDIOS MIRAFLORES;592.6078378378379
LO PRADO;COMPLEJO EDUCACIONAL PEDRO PRADO;532.467
PEÑALOLEN;FUNDACIÓN EDUCACIONAL COLEGIO NOTRE DAME;675.1649382716049
PUENTE ALTO;COLEGIO LOS NOGALES;685.6541935483871
RENCA; ;605.5062594268477
LA FLORIDA;COLEGIO SHIRAYURI;746.96
SAN RAMON;CENTRO EDUCACIONAL MIRADOR;541.0769696969697
MACUL;COLEGIO POLIV. ROCKET COLLEGE;559.8463636363635
LA CISTERNA;COLEGIO IDOP LIMITADA;577.7814592274677
LA CISTERNA; ;605.5062594268477
LA CISTERNA;CHILEAN EAGLES COLLEGE - LA CISTERNA;620.2006034482758
PUENTE ALTO;COLEGIO ENSENADA;648.79
SANTIAGO;COLEGIO SANTA MARIA DE SANTIAGO;635.6261363636364
ÑUÑOA;LICEO INDUSTRIAL BICENTENARIO CHILENO ALEMAN;601.1880099502487
PUENTE ALTO;COLEGIO PART.SAN ESTEBAN DE LAS VISCACHA;545.331875
LA FLORIDA;COLEGIO SAN CRISTOBAL DE LAS CASAS;582.0118478260869
SAN JOAQUIN;ESCUELA IND. SAN ANTONIO DE PADUA;617.53
LA FLORIDA;INSTITUTO LA SALLE;700.2309352517987
SANTIAGO;COLEGIO ADVENTISTA PORVENIR;625.4113043478261
EL BOSQUE;COLEGIO POLIVALENTE AGUSTINIANO DE EL BOSQUE;674.0261847389557
MELIPILLA;LICEO POLITECNICO MUNICIPAL MELIPILLA;539.0347222222222
PEÑALOLEN;LICEO POLITEC.PARTICULAR CARMEN ARRIARAN;559.4694117647059
TALAGANTE;ESCUELA TECNICA SANTA MARIA MICAELA;523.8158771929825
SAN MIGUEL;COLEGIO PART. LOS ANGELES SANTIAGO DE SAN MIG;558.7413793103449
EL BOSQUE;CENTRO EDUC. DENVER COLORADO SCHOOL;556.5444642857143
MAIPU;COLEGIO SAN ANDRES DE MAIPU;619.71921875
EL BOSQUE;COMPLEJO EDUCACIONAL FELIPE HERRERA LANE;504.5
ESTACION CENTRAL;LICEO DE ADULTOS ESTACION CENTRAL;925.0
LA FLORIDA;COLEGIO POLIVALENTE LOVAINA;557.9305263157895
LA PINTANA;COLEGIO JORGE HUNEEUS ZEGERS;558.6676056338029
INDEPENDENCIA;COLEGIO POLITECNICO AVDA. INDEPENDENCIA;553.85
LA FLORIDA;COLEGIO AMERICAN BRITISH SCHOOL;493.31
QUILICURA;COLEGIO PARTICULAR MELFORD COLLEGE;614.005
SAN MIGUEL; ;605.5062594268477
LA CISTERNA;LICEO LAURA VICUNA;606.3447761194029
LA GRANJA;SAINT CHRISTIAN COLLEGE;606.3652307692307
SANTIAGO;LICEO INDUSTRIAL A-22 DE SANTIAGO;548.0194666666666
PEÑAFLOR;LICEO TECNICO PROFESIONAL MALLOCO;526.9449999999999
PROVIDENCIA;COLEGIO DE ADULTOS INSTITUTO NUEVO BILBAO;590.6917808219179
PIRQUE;LICEO MUNIC. TEC. PROF. EL LLANO;554.1574390243903
TALAGANTE;ESCUELA PRESIDENTE PRIETO;592.87
SANTIAGO;COLEGIO SAINT ROSE SCHOOL;686.4251515151515
ÑUÑOA;COLEGIO THE ANGEL´S SCHOOL;724.0918421052633
CALERA DE TANGO;LICEO MUNICIPAL POETISA GABRIELA MISTRAL;546.884875
ÑUÑOA;LICEO AUGUSTO D HALMAR;821.819090909091
MACUL;LICEO BICENTENARIO JOAQUIN EDWARDS BELLO;523.5957142857143
PUENTE ALTO;COLEGIO SENDA DEL SABER;548.0172972972973
PEDRO AGUIRRE CERDA;COMPLEJO EDUC.PART.MONSENOR LUIS A.PEREZ;578.6200518134715
MAIPU;LICEO INDUSTRIAL ALBERTO WIDMER;546.7463720930233
QUINTA NORMAL;LICEO ALBERTO HURTADO;564.1998095238096
MELIPILLA;COLEGIO PART.SAN SEBASTIAN DE MELIPILLA;625.6608333333334
RECOLETA;COLEGIO POLIV. ALEJANDRO FLORES;595.5782242990655
MELIPILLA;COLEGIO PART. MANSO DE VELASCO MELIPILLA;732.0020000000001
MAIPU;COLEGIO SAN FRANCISCO MISIONERO;607.7520481927711
LO BARNECHEA;COLEGIO THE MAYFLOWER SCHOOL;791.3678095238095
EL BOSQUE;COLEGIO PART. NTRA. SRA. MARIA INMACULADA DEL;597.1156186612576
SANTIAGO;COLEGIO PARTICULAR MARÍA AUXILIADORA DE SANTIAGO;673.1133628318584
PUDAHUEL;INSTITUTO COMERCIAL SAN PABLO;585.9785714285715
RECOLETA;LICEO POLIVALENTE SANTA JULIANA;609.3580392156863
TALAGANTE; ;605.5062594268477
QUILICURA;COLEGIO PARTICULAR NOVO MUNDO;556.5773504273504
EL MONTE;C.E.I.A. PROFESOR HECTOR DUARTE;487.88916666666665
EL MONTE;LICEO POLIV. LUIS HUMBERTO ACOSTA GAY;511.23199999999997
EL BOSQUE;COLEGIO PARTICULAR TANTAUCO  EL BOSQUE;691.8753846153846
CONCHALI;COLEGIO LIBERTADOR SAN MARTIN;561.6894366197183
PUENTE ALTO;CENTRO EDUCACIONAL SAN CARLOS DE ARAGON;645.3376923076924
SAN MIGUEL;COLEGIO PART. CORAZON DE MARIA DE SAN MIGUEL;719.8389075630253
MAIPU;LICEO SANTIAGO BUERAS Y AVARIA;569.0905319148936
MAIPU;COLEGIO ANGLO MAIPU;621.1675
SANTIAGO;COLEGIO DE LOS SAGRADOS CORAZONES ALAMEDA;729.2674889867842
LA REINA;COLEGIO ETIEVAN;726.7525
SANTIAGO;CENTRO EDUCACIONAL INTEGRAL DE ADULT ACUARIO;577.0821296296297
PUDAHUEL;INSTITUTO TECNOLOGICO SAN MATEO;548.3493984962406
ÑUÑOA;CENTRO EDUC PROFES GMO GONZALEZ HEINRICH;588.980297029703
PEÑALOLEN;COLEGIO ALTAMIRA;649.7713475177304
LA REINA;COLEGIO TERESIANO ENRIQUE DE OSSO;751.6110924369748
SANTIAGO;LICEO POLITEC. PDTE. GABRIEL GONZALEZ VIDELA;537.5388429752065
EL BOSQUE;COLEGIO SANTA BARBARA COLLEGE;532.0666666666667
INDEPENDENCIA;LICEO MULTIGENERO DOCTORA ELOISA DIAZ INZUNZA;579.5506
LA PINTANA;COLEGIO MARISTA MARCELINO CHAMPAGNAT;557.488923076923
SANTIAGO;CENTRO DE EDUCACION INTEGRADA DE AD. CREANDO;638.642
MAIPU;COLEGIO SANTA MARIA DE MAIPU;665.1421011673151
LA PINTANA;COLEGIO KING SCHOOL CORDILLERA;557.7053917050691
SANTIAGO;COLEGIO ORATORIO DON BOSCO;625.7824999999999
SAN JOAQUIN;LICEO INDUSTRIAL DEL VERBO DIVINO;427.5
LA FLORIDA;BERNADETTE COLLEGE;618.3737931034483
SAN JOAQUIN;ESC. BASICA Y LICEO IND.SAINT LAWRENCE;483.275
PUENTE ALTO;COLEGIO POLIV. SIEMBRA;558.6616666666666
ESTACION CENTRAL;COLEGIO PIAMARTA;563.4346272493574
LA CISTERNA;COLEGIO PRINCESS ANNE SCHOOL;751.2122727272726
QUILICURA;COLEGIO PARTICULAR SAN SEBASTIAN DE QUILICURA;577.9911309523809
EL BOSQUE;COLEGIO SANTO TOMAS DE AQUINO;641.6270454545455
LAS CONDES;COLEGIO WILLIAM KILPATRICK;750.8923076923077
HUECHURABA; ;605.5062594268477
PUENTE ALTO;LICEO SAN GERONIMO;537.1679545454546
SAN MIGUEL;INSTITUTO MIGUEL LEON PRADO;690.9743125
LA CISTERNA;ESCUELA BASICA Nº128 SAN RAMON;634.25
PADRE HURTADO;COMPLEJO EDUC.PART. LUIS PASTEUR;556.5076785714285
LA FLORIDA;ESCUELA RAIMAPU-TIERRA FLORIDA;661.1674590163934
CONCHALI;CENTRO POLITECNICO PARTICULAR CONCHALI;543.719247311828
PEDRO AGUIRRE CERDA;ESCUELA  CONSOLIDADA DAVILA;515.1436363636363
SAN MIGUEL;LICEO BETSABE HORMAZABAL DE ALARCON;561.809806451613
PROVIDENCIA;COLEGIO DE LOS SAGRADOS CORAZONES PROVIDENCIA;755.0423404255318
LA GRANJA;COLEGIO BETANIA;541.7866666666666
SANTIAGO;COLEGIO JUAN BOSCO;724.5
ESTACION CENTRAL;CENTRO EDUC.MUNIC. DR. AMADOR NEGHME RODRIGUEZ;558.8877777777777
PUENTE ALTO;COLEGIO MONTE DE ASIS;704.055
PUENTE ALTO;COLEGIO PARTICULAR ALTAZOR;739.0962790697674
ÑUÑOA;COLEGIO SAINT GASPAR COLLEGE;780.9725000000001
EL MONTE; ;605.5062594268477
MAIPU;ESC. BASICA PART. BOSTON COLLEGE LA FARFANA;602.3672142857143
MACUL;COLEGIO SAN VIATOR;649.8083333333334
LA FLORIDA;LICEO POLIVALENTE LOS ALMENDROS;534.2343333333333
SAN MIGUEL;INSTIT.POLIT.SAN MIGUEL ARCANGEL;546.791214953271
QUINTA NORMAL;LICEO COMERCIAL MOLINA LAVIN;547.0127619047619
PEÑALOLEN;COLEGIO POLIVALENTE YORK;595.941129032258
LAS CONDES;COLEGIO SAN LUIS DE LAS CONDES;593.7811764705883
ÑUÑOA;COLEGIO PARTICULAR N 1 DE NUNOA;622.5775862068965
SAN BERNARDO;COLEGIO DE ADULTOS JOSE ABELARDO NUNEZ-SAN BE;533.67
PUENTE ALTO;COMPLEJO EDUCACIONAL SAN ALFONSO;531.4225
PROVIDENCIA;INSTITUTO DE TABANCURA DE PROVIDENCIA;580.6584242424242
PADRE HURTADO;COLEGIO CASTELGANDOLFO;706.0246296296297
SAN RAMON;LICEO BICENTENARIO SAN FRANCISCO;602.249552238806
LA FLORIDA;COLEGIO POLIVALENTE EDUCADORA ELENA ROJAS;662.1666666666666
QUINTA NORMAL;COLEGIO PART. GABRIELA MISTRAL SOCIEDAD EDUCA;675.8518867924529
PIRQUE;ESCUELA AGROECOLOGICA DE PIRQUE;546.3455913978495
PEÑAFLOR;LICEO COMERCIAL REPUBLICA DE BRASIL;515.8114893617021
LA FLORIDA;CENTRO EDUCACIONAL LA FLORIDA;598.4657894736841
EL BOSQUE;COMPLEJO EDUC.PARTICULAR DE LAS ACACIAS;527.8490476190476
CONCHALI;COLEGIO CRISTOBAL COLON;577.9932394366197
RECOLETA;COLEGIO RAFAEL SANHUEZA LIZARDI;667.6096323529412
PUENTE ALTO;LICEO INDUSTRIAL DOMINGO MATTE MESIAS;802.5
TALAGANTE;COMPLEJO EDUCACIONAL ERNESTO MULLER LOPEZ;529.7025
EL BOSQUE;COLEGIO PAUL HARRIS SCHOOL;553.1107142857143
LA FLORIDA;COLEGIO PART. PATRONA SENORA DE LOURDES;689.180652173913
QUINTA NORMAL;COLEGIO POLITÉCNICO SANTA ANA;564.1410909090908
LA CISTERNA;CENTRO DE EDUC. INTEG. DE AD. FORJANDO FUTURO;587.11
MAIPU;COLEGIO PARTICULAR ALICANTE;675.8842226890756
LA REINA;COL. PART. SAGRADO CORAZON DE JESUS DE LA RE;696.5016101694915
RECOLETA;LICEO POLIVALENTE RAFAEL DONOSO CARRASCO;557.6730927835051
SANTIAGO;COLEGIO FILIPENSE;649.6102419354838
PUENTE ALTO;COLEGIO POLIV. PROFESOR ILDEFONSO CALDERON;566.2944615384615
MELIPILLA;COLEGIO POLITEC.NTRA.SRA.DE LA PRESENTAC;514.8681294964028
LO ESPEJO;LICEO POLITECNICO PART.SAGRADO CORAZON;565.8392
LA FLORIDA;COLEGIO ARTISTICO EL SALVADOR ANEXO;594.4305555555555
RECOLETA;LICEO INSTITUTO TECNOLOGICO Y COMERCIAL RECOLETA-INTECO;549.9653293413174
MELIPILLA; ;605.5062594268477
LA FLORIDA;ESCUELA PARTICULAR PHILIPPE COUSTEAU;564.5013888888889
QUINTA NORMAL;CENTRO EDUCACIONAL ALBERTO HURTADO;542.8203731343283
SAN BERNARDO;COLEGIO SAN FRANCISCO DE ASIS DE SAN BERNARDO;558.2457894736842
QUILICURA;COLEGIO POLIVALENTE NOVO HORIZONTE;561.5397267759563
PUENTE ALTO;COLEGIO ARTURO PRAT;564.7705357142858
PUDAHUEL;LICEO BICENTENARIO MONSENOR ENRIQUE ALVEAR;551.7038888888889
CONCHALI;LICEO POLIV. ABDON CIFUENTES;579.3663309352518
MACUL;COMPLEJO EDUCACIONAL ESPERANZA;574.9616666666667
QUINTA NORMAL;COLEGIO MARQUEL;623.6456666666667
LA FLORIDA;COLEGIO  PABLO APOSTOL;713.0260000000001
EL BOSQUE;COLEGIO POLITEC. MARIA GRISELDA VALLE S.;542.61224
MAIPU;CENTRO DE EDUC. TECN.PROFESIONAL CODEDUC;527.7841549295775
LA FLORIDA;COLEGIO POLIV. VICENTE VALDES;575.2027692307693
PUENTE ALTO;COLEGIO ESTELA SEGURA;629.2849206349206
LA CISTERNA;FROILAN YAÑEZ DE LA BARRA;596.9172222222222
SAN MIGUEL;ESCUELA DE LA INDUSTRIA GRAFICA HECTOR GO;571.2838
LA CISTERNA;CENTRO POLITEC. CARLOS CONDELL DE LA CISTERNA;528.68921875
LAS CONDES;COLEGIO PEDRO DE VALDIVIA LAS CONDES;728.9628472222222
PUENTE ALTO;CENTRO EDUC. PRINCIPADO DE ASTURIAS;561.5169642857143
PUENTE ALTO;ESCUELA CONSOLIDADA;568.2889743589743
PUENTE ALTO;COLEGIO EL SEMBRADOR ANEXO 2;657.172
MAIPU;LINCOLN COLLEGE SAN MARTIN;601.134099378882
SAN JOAQUIN;COLEGIO PART. NUESTRA SRA DEL HUERTO;652.2820930232558
PROVIDENCIA;INSTITUTO SAN SEBASTIAN DE PROVIDENCIA;553.0336842105263
SAN RAMON;COLEGIO POLIVALENTE FRANCISCO RAMIREZ;622.7372307692308
RECOLETA;CENTRO EDUCACIONAL SAN LORENZO;636.1573170731707
RECOLETA;LICEO AVENIDA RECOLETA;553.3826851851852
SANTIAGO;LICEO POLIV.LIB. GRAL JOSE DE SAN MARTIN;715.0
LA REINA;COLEGIO LARRAIN;688.0977777777778
PEDRO AGUIRRE CERDA;LICEO MUNICIPAL ENRIQUE BACKAUSSE;536.0394117647058
PUENTE ALTO;COLEGIO MAIPO;553.0670212765958
LA GRANJA;COLEGIO CHRISTIAN GARDEN SCHOOL;589.0509139784946
ÑUÑOA; ;605.5062594268477
PUENTE ALTO;COLEGIO ALICANTE DEL SOL;664.4143922651934
LA FLORIDA;COLEGIO LIAHONA CORDILLERA;656.8558646616541
LAS CONDES;LICEO BICENTENARIO SIMON BOLIVAR;684.0189320388349
LAS CONDES;COLEGIO CONCORDIA;683.125
SAN MIGUEL;LICEO COMERCIAL JAVIERA Y J L CARRERA N1;561.6427710843374
LA CISTERNA;COLEGIO SANTA MARIA DE LOS ANGELES;634.3452777777778
PUENTE ALTO;COLEGIO BICENTENARIO ARZOBISPO CRESCENTE ERRAZURIZ;658.9630285714286
COLINA; ;605.5062594268477
RENCA;COLEGIO POLIV. SAN JOSE DE RENCA;618.8281666666667
ESTACION CENTRAL;ESCUELA LICEO MADRE VICENCIA;611.6429655172414
LAS CONDES;COLEGIO SAN NICOLAS DE MYRA;764.3313793103448
LAS CONDES;COLEGIO SAN JORGE DE LAS CONDES;579.431
PEÑALOLEN;CENTRO EDUC.ADULTOS AMERICO VESPUCIO;572.8025
ÑUÑOA;COLEGIO SANTA GEMA GALGANI;634.7904347826087
BUIN;COLEGIO SAN ISIDRO;772.073698630137
INDEPENDENCIA;INST.COMERCIAL L.BERNARDO O`HIGGINS;385.5
SANTIAGO;LICEO INDUSTRIAL ELIODORO GARCIA ZEGERS;546.1677639751553
CERRO NAVIA;COMPLEJO EDUCACIONAL CERRO NAVIA;541.8068181818181
PUENTE ALTO;COLEGIO POLIV. CARDENAL RAUL SILVA HENRIQUEZ;623.0700666666667
ÑUÑOA;COLEGIO CALASANZ;796.3695930232559
QUINTA NORMAL;ESCUELA INDUSTRIAL SIMON BOLIVAR;557.135
LA CISTERNA;COLEGIO TEC. PROF. SAN RAMON LA CISTERNA;538.7085714285714
TALAGANTE;LICEO AGRICOLA SANTA ANA;553.0
MAIPU;COLEGIO PREMILITAR GENERAL SAN MARTIN DE MAIPU;569.906393442623
PUENTE ALTO;COLEGIO NAVARRA;653.4992307692307
ALHUE;LICEO MUNICIPAL SARA TRONCOSO TRONCOSO;548.3482352941177
BUIN;LICEO POLIVALENTE LOS GUINDOS;501.825875
PUDAHUEL;COLEGIO POLIV. GERONIMO DE ALDERETE;597.0846357615894
QUINTA NORMAL;LICEO POLIV.SAN JOSE DE LA PRECIOSA SANG;632.82
SAN MIGUEL;COLEGIO SUBERCASEAUX COLLEGE;607.6348148148148
PUENTE ALTO;CARDENAL JUAN FRANCISCO FRESNO LARRAIN;547.8868468468469
PUENTE ALTO;COLEGIO TUPAHUE;603.6817441860464
LO BARNECHEA;COLEGIO TABOR Y NAZARETH;817.4009150326797
LA FLORIDA;LICEO ANDRES BELLO;621.1360747663551
LA FLORIDA;COLEGIO LE MONDE;628.7856603773585
RECOLETA;COLEGIO ACADEMIA DE HUMANIDADES;725.4456666666667
LA FLORIDA;COLEGIO PART. ALCANTARA DE LA FLORIDA;711.1420253164557
SANTIAGO;COLEGIO BICENTENARIO VICTORIA PRIETO;614.6902222222222
SAN JOSE DE MAIPO;COLEGIO ROCKVILLE COLLEGE;576.63
QUINTA NORMAL;LICEO POLITECNICO;532.9663768115942
LA REINA;COLEGIO SAN RAFAEL ARCANGEL;554.471
LAS CONDES;INSTITUTO DOCENCIA;616.1424999999999
LA GRANJA;LICEO POLIVALENTE BAHIA DARWIN;523.1945098039215
LO PRADO;COLEGIO ADVENTISTA SANTIAGO PONIENTE;598.9364285714286
LAS CONDES;COLEGIO SAN FRANCISCO DEL ALBA;687.3605102040816
LAS CONDES;COLEGIO DALCAHUE;578.8778571428571
PUENTE ALTO;EXTREMADURA DE PUENTE ALTO;630.2118181818182
LO ESPEJO; ;605.5062594268477
TALAGANTE;COLEGIO PARTICULAR BLUMENTHAL;573.2847154471546
SAN RAMON;LICEO MUNICIPAL PURKUYEN;525.2727906976744
MAIPU;LICEO NACIONAL DE MAIPU;722.426636904762
LAS CONDES;LICEO POLITECNICO LOS DOMINICOS;600.5
MAIPU;COLEGIO PART. CARDENAL CARLOS OVIEDO CAVADA;588.5138686131387
LA FLORIDA;COLEGIO LONDON ANEXO;631.6066666666667
PUENTE ALTO;COLEGIO SAN MIGUEL DE LOS ANDES;605.269619047619
LAS CONDES;JOHN DEWEY COLLEGE;703.0475
SANTIAGO;CENTRO EDUC. CASA TALLERES SAN VICENTE DE PAU;545.523986013986
SANTIAGO;ESCUELA COLEGIO POLIVALENTE STA FAMILIA;646.9545454545455
PEÑALOLEN;COLEGIO, CENTRO EDUC.AMERICO VESPUCIO;543.9616279069767
PEÑALOLEN;COLEGIO ALCÁNTARA DE LOS ALTOS DE PEÑALOLEN;670.4052972972972
SANTIAGO;COLEGIO DE ADULTOS INSTITUTO ANDES;563.7471428571429
LAS CONDES;COLEGIO NUESTRA SENORA DEL LORETO;708.5911475409836
MELIPILLA;LICEO GABRIELA MISTRAL DE MELIPILLA;556.2001538461539
MAIPU;ESCUELA INSTITUTO RAMON FREIRE;661.5
SAN RAMON;ESCUELA COLEGIO ALBERTO BLEST GANA;568.3413533834586
SAN MIGUEL;CENTRO EDUC. PARTICULAR SAN LUIS;564.0899999999999
PUENTE ALTO;COLEGIO MAYOR TOBALABA;705.1422764227642
MAIPU;COLEGIO NTRA. SRA. DEL CARMEN DE MAIPU;608.171891891892
SANTIAGO;COLEGIO FRANCISCO ARRIARAN;637.5136170212766
SAN BERNARDO;COLEGIO  INGLES ISAAC NEWTON;738.5526315789474
PUENTE ALTO;LICEO NUESTRA SENORA DE LAS MERCEDES;611.2592792792792
SANTIAGO;COLEGIO DE ADULTOS CENTRO DE ESTUDIOS LA ARAUCANA;460.0
PUENTE ALTO;COLEGIO PARTICULAR SAN MATEO;579.2549206349206
LA PINTANA;COLEGIO BICENTENARIO APRENDER;596.1667647058823
PUENTE ALTO;COLEGIO PARTICULAR MIRADOR;622.2156198347108
LO ESPEJO;COLEGIO POLIV. SAINT TRINITY COLLEGE;507.6655263157895
LA FLORIDA;COLEGIO PUELCHE;665.0
PUDAHUEL;LICEO MUN. CENTRO EDUCACIONAL PUDAHUEL;527.2377358490565
MAIPU;COLEGIO DE ADULTOS JUAN RAMON JIMENEZ;621.0
ÑUÑOA;COLEGIO UNIVERSITARIO EL SALVADOR;759.2543055555556
SANTIAGO;COLEGIO SANTA TERESITA DEL NINO JESUS;609.1250980392157
VITACURA;COLEGIO SAN PEDRO NOLASCO;787.6373195876289
MAIPU;LICEO POLITECNICO PARTICULAR HANNOVER;560.3902134146341
RENCA;COLEG. POLIV. SANTA MARIA DE LA PROVIDENCIA;568.8759055118111
PUENTE ALTO;CENTRO EDUCACIONAL LARUN RAYUN;569.6874509803922
ESTACION CENTRAL;ESCUELA, COLEGIO POLITEC.H.DE MAGALLANES;552.1295454545455
LA CISTERNA;CENTRO EDUCACIONAL LINCOLN COLLEGE;604.0983333333334
TILTIL;LICEO POLIVALENTE MANUEL RODRIGUEZ;519.9135897435898
LA GRANJA;LICEO MUNICIPAL LA GRANJA POETA NERUDA;557.34
SAN BERNARDO;COLEGIO SEBASTIAN EL CANO SAN BERNARDO;637.7107142857143
PUENTE ALTO;COLEGIO CRISTIANO BELEN;614.2923999999999
MAIPU;COLEGIO INSTITUTO O¦HIGGINS DE MAIPU;626.9588288288288
VITACURA;COLEGIO ADUL. INSTITUTO TABANCURA DE VITACURA;579.6401666666667
CERRILLOS;COLEGIO PARTICULAR MATER DEI;618.45671875
MAIPU;COLEGIO INTERNACIONAL  ALBA;825.4429729729729
PUENTE ALTO;COLEGIO EL RACO;568.3234042553191
QUILICURA;COLEGIO  MANQUECURA VALLE LO CAMPINO;737.1210344827587
ESTACION CENTRAL;COLEGIO SAN ALBERTO;541.1372972972973
PUENTE ALTO;COLEGIO POLIV. EL ALBORADA;580.4995555555555
MAIPU;COLEGIO VICTORIANO;619.0530303030303
QUINTA NORMAL;LICEO INDUSTRIAL BENJAMIN FRANKLIN;531.4083957219251
LA PINTANA;LICEO SERGIO SILVA BASCUNAN;572.1182300884956
SAN BERNARDO;LICEO ELVIRA BRADY MALDONADO-SN.BERNARDO;527.9575324675325
VITACURA;COLEGIO SAINT GEORGE S COLLEGE;810.421015037594
PUENTE ALTO;LICEO POLIVALENTE MARIA REINA;603.6841228070176
LAS CONDES;COLEGIO INSTITUCION TERESIANA;756.2250684931507
LA PINTANA; ;605.5062594268477
LA GRANJA; ;605.5062594268477
MAIPU;COLEGIO INTERCULTURAL TREMEMN;671.7703937007874
PUENTE ALTO;ESCUELA RUDOLF DECK WERTH;580.7837931034483
SAN JOAQUIN; ;605.5062594268477
ÑUÑOA;COLEGIO VICTOR DOMINGO SILVA;638.5996296296296
QUILICURA;COLEGIO SAN ISAAC JOGUES;601.5986746987952
EL BOSQUE;ESCUELA PARTICULAR VILLA EL SOL;631.5621118012423
SANTIAGO;COLEGIO LORD COCHRANE;585.17
PUENTE ALTO;COLEGIO INGLES SAN LUIS GONZAGA II;591.088253968254
LA FLORIDA;COLEGIO PART. SANTA LUCIA DE LO CANAS;506.0
MAIPU;COLEGIO SAN JUAN DIEGO DE GUADALUPE;525.48375
TALAGANTE;COLEGIO NINO JESUS;609.8844705882353
LA FLORIDA;COLEGIO SANTA MARIA DE LO CANAS;702.6175000000001
ÑUÑOA;COLEGIO MAYA SCHOOL  ANEXO;739.0
VITACURA;LICEO MUNICIPALIZADO AMANDA LABARCA;698.0555900621118
QUILICURA;COLEGIO PALMARES;768.1159509202454
PIRQUE;COLONIAL DE PIRQUE;667.0551515151515
PROVIDENCIA;COLEGIO TREWHELA´S ENGLISH SCHOOL;814.3329059829059
ÑUÑOA;COLEGIO SANTA MARGARITA DE ESCOCIA;643.5054838709677
PEÑALOLEN;COLEGIO PUMAHUE;750.0284795321637
ÑUÑOA;LICEO POLITECNICO PEDRO DE VALDIVIA;563.525939849624
PEÑALOLEN;COLEGIO PARTICULAR SAN FERNANDO;582.0255737704917
MACUL;COLEGIO MADRE DE LA DIVINA PROVIDENC;613.3155223880597
SAN BERNARDO;LICEO POLIV. LUCILA GODOY ALCAYAGA;516.3594117647059
LA FLORIDA;COLEGIO ROCKET ADULTOS DE LA FLORIDA;573.75
MAIPU;LICEO SAN PEDRO POVEDA;783.6374615384615
SAN BERNARDO;LICEO COMERCIAL DE SAN BERNARDO;566.5480722891566
MAIPU;INSTITUTO CRISTIANO LUIS GANDARILLAS;641.9728089887641
MAIPU;ESC. BASICA BOSTON COLLEGE MAIPU;630.8158080808081
COLINA;COLEGIO SAN ANTONIO DE COLINA;609.463937007874
SAN MIGUEL;LICEO SAINT PATRICKS SCHOOL;727.74
MAIPU;COLEGIO PART. ALICANTE DEL ROSAL;737.7564423076923
MAIPU;ESCUELA PARTICULAR RUBEN DARIO;718.1505970149253
TALAGANTE;INSTITUTO SUBTTE.LUIS CRUZ MARTINEZ;590.7676530612246
LA FLORIDA;COLEGIO LICARAYEN;554.1336111111111
LA REINA;COLEGIO DE LA SALLE;748.1470642201834
MAIPU;COLEGIO HERMANOS CARRERA DE CHILE;609.54328125
PROVIDENCIA;COLEGIO PEDRO DE VALDIVIA;750.2536666666667
QUINTA NORMAL;COLEGIO POLIVALENTE FALCON COLLEGE;563.6977235772358
PUDAHUEL;COLEGIO SAN FELIPE;581.0561538461538
SAN BERNARDO;COLEGIO GETSEMANI;584.3956862745098
SANTIAGO;COLEGIO LORENZO SAZIE;621.615
LA REINA; ;605.5062594268477
LAS CONDES;COLEGIO LEONARDO DA VINCI DE LAS CONDES;707.7680434782609
SAN MIGUEL;COLEGIO MANANTIAL DE SAN MIGUEL;606.6826470588235
RECOLETA;COLEGIO MARIA TERESA CANCINO AGUILAR;596.6150442477876
PUENTE ALTO;COLEGIO EL BOSQUE PROVINCIA CORDILLERA;675.6793055555556
ÑUÑOA;COLEGIO WALDORF DE SANTIAGO;615.7075
PROVIDENCIA;COLEGIO DE AD. INSTITUTO SAN SEBASTIAN DE BEL;580.5814285714285
PEDRO AGUIRRE CERDA;COLEGIO GRACE SCHOOL;599.5191346153846
PEÑAFLOR;COLEGIO POLIV. FRANCISCO DE VILLAGRA;560.1303333333333
PUENTE ALTO;COLEGIO SALTAIRAM;588.0508695652173
SANTIAGO;LICEO POLIT. SARA BLINDER DARGOLTZ;545.6589539748954
MAIPU;COLEGIO TERRAUSTRAL OESTE S.A;618.196501650165
MACUL;LICEO SALESIANO CAMILO ORTUZAR MONTT;647.0295604395604
PROVIDENCIA;COLEGIO KENDAL ENGLISH SCHOOL ANEXO;716.4625806451613
MAIPU;COLEGIO DEL VALLE;643.3690196078431
RENCA;COLEGIO DE ADULTOS VALLE DE AZAPA;572.84
CURACAVI;COLEGIO FARMLAND SCHOOL;697.6724137931035
PUENTE ALTO;COLEGIO PARTICULAR NIDAL;609.5833333333334
ESTACION CENTRAL;ESCUELA PARTICULAR JOSE ANTONIO LECAROS;548.4995652173913
LA PINTANA;COLEGIO POLIV. ALMENDRAL DE LA PINTANA;628.0576530612245
LA PINTANA;COLEGIO POLIV. CARDENAL JOSE MARIA CARO;549.2701886792453
LA FLORIDA;LICEO POLIVALENTE MUNICIPAL DE LA FLORIDA;539.2879375
EL BOSQUE;COLEGIO DE ADULTOS ALFRED NOBEL EL BOSQUE;579.4799999999999
PROVIDENCIA;COLEGIO THE ENGLISH INSTITUTE;776.1968493150686
PEÑAFLOR;COL.PART.INMAC.CONC. DE NTRA.SRA. DE LOURDES;578.2559200000001
COLINA;COLEGIO SAN ANDRES DE COLINA;569.9610185185185
LA FLORIDA;COLEGIO PARTICULAR LA CONCEPCION;595.8370535714286
COLINA;COLEGIO SANTA CRUZ DE CHICUREO;790.132090909091
BUIN;COLEGIO DE MAIPO;724.35
MAIPU;COLEGIO TERRAUSTRAL DEL SOL;612.0146440677967
ÑUÑOA;COLEGIO SANTA MARTA;605.16
SAN RAMON;INSTITUTO COMERCIAL EMA DIAZ SIERRA-DIUR;577.94
PADRE HURTADO;COLEGIO ALBERTO HURTADO CRUCHAGA;573.1093258426966
PAINE;ESCUELA  BARBARA KAST RIST;522.4908333333333
LO ESPEJO;ESCUELA BAS. ROSA ELVIRA MATTE DE PRIETO;646.4698214285714
INDEPENDENCIA;COLEGIO ALVARO COVARRUBIAS ARLEGUI;649.75
MAIPU;COLEGIO INSTITUTO AMERICA;588.0064220183486
INDEPENDENCIA;LICEO SAN FRANCISCO DE QUITO;632.5194230769231
RENCA;CENTRO EDUC. GOYENECHEA;505.47333333333336
QUILICURA;COLEGIO SANTA BARBARA H.S.;561.0466981132075
PEÑALOLEN;COLEGIO  MAYOR DE PEÑALOLEN;742.5177595628415
COLINA;LICEO BICENTENARIO CHACABUCO;659.0471014492754
PUENTE ALTO;COLEGIO POLIVALENTE DOMINGO MATTE MESIAS;612.1235142118862
CALERA DE TANGO;COLEGIO SAN FELIPE DIACONO;732.6987804878049
MAIPU;LICEO EXPERIMENTAL ARTISTICO B-65;592.2543333333334
MELIPILLA;COLEGIO VALLE DE MALLARAUCO;518.7511111111112
PROVIDENCIA;COLEGIO SAINT GABRIEL´S SCHOOL LOCAL SEDE;803.8578527607363
BUIN;ESC. PART. PABLO APOSTOL DE BUIN;656.4815217391305
PUENTE ALTO;COLEGIO ARAUCARIA CORDILLERA;611.2771428571428
CURACAVI;LICEO BICENTENARIO PRESIDENTE BALMACEDA;523.1461809045226
PUENTE ALTO;COLEGIO NUEVA ERA SIGLO XXI SEDE PUENTE ALTO;606.7801851851852
CERRO NAVIA;COLEGIO POLIV. SAINT ORLAND N 3;591.7157894736843
PUENTE ALTO;COLEGIO SANTA MARIA DE LA CORDILLERA;619.7596428571429
PEÑAFLOR;COLEGIO DE AD. INSTITUTO NUEVA IMAGEN;524.1925
PUENTE ALTO;COLEGIO PART. ACROPOLIS;570.6919999999999
MAIPU;ESCUELA BASICA PART.MADRE DE JESUS;655.1625
PEÑALOLEN;COLEGIO MONTEVERDE ANEXO;639.0
LO BARNECHEA;COLEGIO BICENTENARIO SAN ESTEBAN MARTIR;561.5785057471264
MELIPILLA;COLEGIO DE ADULTOS TIRSO DE MOLINA;647.0
SAN BERNARDO;COLEGIO PART. INSTITUTO CORINTIO;595.7222222222222
LA REINA;LICEO EUGENIO MARÍA DE HOSTOS;598.3730952380952
COLINA;LICEO ESMERALDA;523.0647863247864
LA PINTANA;COLEGIO POLIV. NUEVA NAZARET;577.813125
LO BARNECHEA;COLEGIO APOQUINDO FEMENINO;890.5
LAS CONDES;CENTRO EDUCACIONAL LIFE SUPPORT;581.6331666666666
LA CISTERNA;COLEGIO ANTIL MAWIDA;596.3527710843373
MAIPU;COLEGIO EL REDENTOR;624.1789830508474
PAINE;COLEGIO BICENTENARIO MODERNO PAINE;563.0985148514851
MAIPU;COLEGIO LOS ALPES MAIPU;626.836814159292
LAS CONDES;COLEGIO THE SOUTHERN CROSS SCHOOL;807.997
LA FLORIDA;ESCUELA PARTICULAR ROSARIO CONCHA;618.2769599999999
HUECHURABA;COLEGIO  PUMAHUE HUECHURABA;758.1884916201117
MAIPU;COLEGIO PART. ROYAL AMERICAN SCHOOL;650.0644776119403
LA CISTERNA;ESCUELA PRE MILITAR HEROES DE LA CONCEPCION;547.7531736526946
SAN MIGUEL;COLEGIO PARROQUIAL SAN MIGUEL;687.786369047619
PUDAHUEL;COLEGIO  MANQUECURA CIUDAD DE LOS VALLES;748.2612408759123
PEÑALOLEN;CENTRO EDUCACIONAL EDUARDO DE LA BARRA;555.4878571428571
LA FLORIDA;COLEGIO ALICANTE DE LA FLORIDA;708.4367015706806
PEÑAFLOR;COLEGIO COMERCIAL DE PENAFLOR;544.4054054054054
PUDAHUEL;LINCOLN COLLEGE PUDAHUEL;628.1951461988303
ÑUÑOA;LICEO COMERCIAL PARTICULAR ÑUÑOA;571.3183333333333
PUENTE ALTO;SANTA CRUZ COLLEGE;544.8927272727273
LA FLORIDA;LICEO VESPERTINO DE ADULTOS FUTURO;566.975
VITACURA;COLEGIO ANTARTICA CHILENA;630.0796190476191
QUINTA NORMAL;COLEGIO BICENTENARIO ELVIRA HURTADO DE MATTE DE SANTIAGO;660.0148201438849
CONCHALI;COLEGIO HELLEN´S COLLEGE;613.2625
COLINA;COLEGIO POLIVALENTE SEMBRADOR;549.648409090909
PEÑALOLEN;ESCUELA PARTICULAR SANTA VICTORIA;582.355
LA FLORIDA;COLEGIO SEMPER ALTIUS;551.7909259259259
SANTIAGO;COLEGIO METODISTA DE SANTIAGO;586.5445714285714
LO BARNECHEA;COMPLEJO EDUC. EDUARDO CUEVAS VALDES;588.0991666666667
LAS CONDES;COLEGIO ALEMAN DE SANTIAGO;792.7361849710982
ESTACION CENTRAL;LICEO RUIZ TAGLE;684.4833644859813
TALAGANTE;COLEGIO UNIVERSAL SAN FRANCISCO;580.3395652173913
LAS CONDES;COLEGIO ANDINO ANTILLANCA;619.7199999999999
SANTIAGO;LICEO Y COLEGIO NUEVO HISPANO CHILENO;635.0227659574468
LO BARNECHEA;COLEGIO LOS ALERCES;845.688493150685
LA CISTERNA;COLEGIO POLIV. SAINT ORLAND;572.8314606741573
LA FLORIDA;COLEGIO DIVINA PASTORA;665.8491666666666
RENCA;LICEO POLITEC.PARTIC.EL SENOR DE RENCA;521.4381904761905
MACUL;COLEGIO SAINT MARY JOSEPH SCHOOL;771.8387096774194
CURACAVI;COLEGIO INSTITUTO SAN LUIS DE CURACAVI;575.8875
EL BOSQUE;ESCUELA Y LICEO LIAHONA;654.3961038961039
LA CISTERNA;LICEO POLIVALENTE OLOF PALME;549.14225
RENCA;COLEGIO SAN JOAQUIN;720.0871929824561
SANTIAGO;LICEO REPUBLICA DE BRASIL;588.2026666666667
RENCA;LICEO INSTITUTO CUMBRE DE CONDORES;595.3459633027522
SANTIAGO;INST.SUP.DE COMERCIO EDUARDO FREI M.;590.8413774104683
LA FLORIDA;LICEO ALTO CORDILLERA DE LA FLORIDA;563.1591666666667
INDEPENDENCIA;COLEGIO PRESIDENTE ALESSANDRI;609.864947368421
LO BARNECHEA; ;605.5062594268477
LA FLORIDA;COLEGIO ATENAS;640.2283333333334
LA FLORIDA;COLEGIO NAZARET DE LA FLORIDA;636.7246363636365
PEÑAFLOR;COLEGIO JOSE MANUEL BALMACEDA;578.374025974026
SAN BERNARDO;COLEGIO POLIV. PDTE. JOSE MANUEL BALMACEDA;572.594
QUILICURA;COLEGIO TERCER MILENIO;617.1562162162162
CERRILLOS;COLEGIO BICENTENARIO DE EXCELENCIA POLITECNICO ALEMAN ALBERT EINSTEIN;555.5406435643565
PEÑAFLOR;ESCUELA PATRONA DE LOURDES;624.4938709677419
ÑUÑOA;ESCUELA PARTICULAR SAN JUAN BAUTISTA;591.9568686868687
ÑUÑOA;COLEGIO PART. NEW HEINRICH HIGH SCHOOL;652.6245794392523
CURACAVI;ESCUELA PART.  CURACAVI COLLEGE;586.3359016393442
PEÑAFLOR;COLEGIO DE MIRAFLORES DE MALLOCO;577.94
PUENTE ALTO;COLEGIO CORDILLERA;610.7100869565218
LAS CONDES;COLEGIO SAN JUAN EVANGELISTA;740.3278823529412
QUILICURA;COLEGIO POLIV. SANTA MARIA;592.5548648648648
MAIPU;COLEGIO PART. KING EDWARDS SCHOOL I;554.749649122807
LA GRANJA;COLEGIO ALMA MATER;536.6856818181818
PEÑAFLOR;COLEGIO ANTIMANQUE;641.5672727272727
LA GRANJA;COLEGIO LOS PENSAMIENTOS;585.6885185185184
PAINE;COLEGIO ECOLOGICO PAINE;608.7850000000001
PUENTE ALTO;COLEGIO POLIVALENTE RAULÍ;579.5446875
LA PINTANA;CENTRO EDUCACIONAL SANTA ROSA DEL SUR;539.6672631578947
INDEPENDENCIA;COLEGIO ARTURO TORO AMOR;643.9125409836066
SAN MIGUEL;COLEGIO TOMAS MORO;611.0153146853147
MAIPU;COLEGIO SAN NICOLAS DE MAIPU;644.2851282051282
EL MONTE;COLEGIO BICENTENARIO DE SANTA MARIA DE EL MONTE;550.3714285714286
PADRE HURTADO;COLEGIO CENTRO EDUCACIONAL ALTAIR;604.7681249999999
LAS CONDES;COLEGIO PADRE HURTADO Y JUANITA DE LOS ANDES;796.2643150684931
LA PINTANA;COLEGIO TECNICO PROFESIONAL NOCEDAL;641.3770491803278
MELIPILLA;COLEGIO O`HIGGINS;583.2255813953489
RECOLETA;COLEGIO SAN JUAN DIEGO;627.641619047619
LO BARNECHEA;COLEGIO BERTAIT COLLEGE;664.9843902439025
PROVIDENCIA;COLEGIO  INSTITUTO PASCAL;651.7208108108108
PUENTE ALTO;COLEGIO POLIVALENTE SAINT PETER COLLEGE;557.0437837837837
MELIPILLA;COLEGIO CRISTOBAL COLON DE MELIPILLA;711.2094827586208
MAIPU;COLEGIO SAINT LOUIS SCHOOL;647.0777884615384
LAMPA;ESCUELA  SAN PEDRO VALLE GRANDE;572.302987012987
PUENTE ALTO;COLEGIO `EMPRENDER OBISPO ALVEAR`;640.5363865546219
HUECHURABA;COLEGIO GRACE COLLEGE;683.4445679012346
SAN BERNARDO;COLEGIO NOBEL GABRIELA MISTRAL;560.3634090909092
SAN BERNARDO;INSTITUTO  DOMINGO  EYZAGUIRRE;582.9596078431372
LAMPA;ESC.BAS. EMPRENDER LARAPINTA;593.141129032258
MACUL;LICEO POLIVALENTE MERCEDES MARIN DEL SOLAR;575.5178787878788
QUILICURA;COLEGIO WESTON ACADEMY;658.7711965811966
PEÑAFLOR;COLEGIO PARTICULAR FORJADORES;578.2731313131313
SAN BERNARDO;COLEGIO DOMINGO EYZAGUIRRE;579.286
QUILICURA;LICEO PAULA JARAQUEMADA DE QUILICURA;676.5310897435897
ÑUÑOA;LICEO REPUBLICA DE SIRIA;736.7565326633165
ESTACION CENTRAL;COLEGIO PART. ASCENSION NICOL;604.1615384615385
MAIPU;COLEGIO OXFORD;601.1116666666666
BUIN;COLEGIO ALTO DEL VALLE;597.2851515151516
COLINA;COLEGIO  SAN JOSE DE CHICUREO;776.570808080808
LA REINA;COLEGIO MUNICIPALIZADO CONFEDERAC SUIZA;587.4928
PUENTE ALTO;COLEGIO ALMENAR DEL MAIPO;695.5659375
INDEPENDENCIA;LICEO ADULTOS PART.LAS AMERICAS MODERNAS;534.92
SAN BERNARDO;COLEGIO SANTIAGO EMPRENDEDORES;591.7495762711865
ESTACION CENTRAL;LICEO ESTACION CENTRAL;569.8077464788732
PEÑAFLOR;ESCUELA PART. PARTHENON COLLEGE;593.9046341463414
PUENTE ALTO;COLEGIO MERRYLAND;601.4845
MAIPU;LICEO TECNOLOGICO BICENTENARIO ENRIQUE KIRBERG BALTIANSKY;609.8752284263959
ÑUÑOA;LICEO PARTICULAR INSUME;623.0
PAINE;COLEGIO BICENTENARIO SANTA MARIA DE PAINE;612.6015384615384
PUENTE ALTO;COLEGIO ALICANTE DEL VALLE;662.4698006644519
BUIN;COLEGIO INGLES SAN JOSE DE LINDEROS;600.1770833333334
SAN JOAQUIN;LICEO BICENTENARIO POLITECNICO SAN JOAQUIN;545.8851162790698
LA REINA;COLEGIO SANTO DOMINGO_PADRES DOMINICOS;732.1311267605633
LA FLORIDA;COLEGIO ANTUQUENU ANDINO;602.3808695652174
PUENTE ALTO;COLEGIO MONTE OLIVO DE PUENTE ALTO;597.3103738317757
TALAGANTE;COLEGIO TALAGANTE GARDEN SCHOOL;627.7928703703705
PADRE HURTADO;COLEGIO PEUMAYEN;598.1860240963856
LAS CONDES;COLEGIO SAN FRANCISCO TECNICO PROFESIONAL;644.3675980392156
VITACURA;COLEGIO INMACULADA CONCEPCION;684.9929347826087
PROVIDENCIA;COLEGIO DE ADULTOS CASA DE ESTUDIOS FUTURO;645.5747530864197
RECOLETA;LICEO ARTURO PEREZ CANTO;553.2855714285714
PAINE;COLEGIO LAS AMERICAS DE PAINE;552.6189393939394
PEÑALOLEN;CENTRO EDUC. VALLE HERMOSO;538.7565517241379
TILTIL;COLEGIO DE ADULTOS MANQUEHUE DE TIL TIL;490.7219230769231
CERRILLOS;COLEGIO SAINT MAURICE S;574.7584057971014
SANTIAGO;COLEGIO HISPANO AMERICANO;689.294537037037
CERRILLOS;COLEGIO LOS CONQUISTADORES;622.522
CONCHALI;ESCUELA PART. ADVENTISTA SANTIAGO NORTE;573.1843636363636
LA FLORIDA;COLEGIO MAURICIO RUGENDAS;633.578064516129
QUILICURA;LICEO ALCALDE JORGE INDO;556.0443137254902
QUILICURA;COLEGIO POLIVALENTE SAN PEDRO DE QUILICURA;550.2676363636364
SAN BERNARDO;LINCOLN COLLEGE SAN BERNARDO;631.91125
PEÑAFLOR;COLEGIO PREMILITAR CAPITAN IGNACIO CARRERA PINTO;553.6585106382979
LA FLORIDA;COLEGIO PART. MANANTIAL DE LA FLORIDA;678.9224074074074
LO BARNECHEA;COLEGIO NIDO DE AGUILAS;770.628
ESTACION CENTRAL;COLEGIO ECHAURREN;587.7858333333334
VITACURA;COLEGIO TABANCURA;849.3438333333332
MELIPILLA;COLEGIO MAITENES;755.7653846153846
ÑUÑOA;COLEGIO AKROS;806.5238095238095
RENCA;COLEGIO JORGE ALESSANDRI RODRIGUEZ;615.9847899159664
SANTIAGO;COLEGIO SANTA CECILIA;601.4061904761905
LA FLORIDA;COLEGIO SANTIAGO;627.0989516129033
TALAGANTE;COLEGIO LEONARDO DA VINCI;695.6590909090909
PEÑALOLEN;CENTRO EDUCACION MARIANO EGANA;541.0305555555556
LAS CONDES;LICEO JUAN PABLO II DE LAS CONDES;685.4723684210527
TALAGANTE;COLEGIO CARAMPANGUE;722.0103157894737
LA REINA;COLEGIO STA MARIA REINA;638.4253153153154
MAIPU;COLEGIO NUEVOS CASTANOS DE MAIPU;614.0465
HUECHURABA;COLEGIO LINCOLN COLLEGE HUECHURABA;653.9208403361345
LA PINTANA;COLEGIO ALTO GABRIELA;549.8688235294118
PROVIDENCIA;COLEGIO CAMPVS COLLEGE;727.1646875
MAIPU;COLEGIO ALVARO LAVÍN;532.5748780487805
PEÑALOLEN;COLEGIO EL ENCUENTRO;640.3984375
MACUL;COLEGIO PARTICULAR EL ALBA DE MACUL;575.0695555555556
PUENTE ALTO;COLEGIO PART. PADRE JOSE KENTENICH;598.4372727272728
QUILICURA;COLEGIO  SAN CARLOS DE QUILICURA;633.4998895027624
LO BARNECHEA;COLEGIO BETTERLAND SCHOOL;556.5024999999999
LA FLORIDA;COLEGIO  LATINOAMERICANO;710.3575
ÑUÑOA;COLEGIO PRECIOSA SANGRE;623.9503030303031
HUECHURABA;COLEGIO SANTA TERESA DE JESUS DE LOS ANDES;538.8259154929577
HUECHURABA;LICEO JOSE ABELARDO NUÑEZ Nº 4;554.7645238095238
RENCA;INSTITUTO CUMBRES DE CONDORES PONIENTE;533.3378947368421
SANTIAGO;COLEGIO INTECTUR;602.77
LAS CONDES;COLEGIO ALCAZAR DE LAS CONDES;718.6648854961833
LO BARNECHEA;COLEGIO PARROQUIAL SANTA ROSA DE LO BARNECHEA;612.4807142857143
LA PINTANA;ESCUELA PARTICULAR PDTE.JOSE J.PRIETO;625.6946666666666
MAIPU;COLEGIO SAN FRANCISCO DE SALES;572.7250847457627
SAN BERNARDO;COLEGIO VALLES DEL MAIPO;549.1011956521739
MAIPU;COLEGIO PARTICULAR SAN FELIX;620.0681818181819
SAN JOAQUIN;COLEGIO POLIV.ADVENTISTA SANTIAGO SUR;555.3452
PADRE HURTADO;LICEO BICENTENARIO DE EXCELENCIA PAUL HARRIS;495.68752688172043
LA CISTERNA;COLEGIO ADVENTISTA LA CISTERNA;616.6179710144927
HUECHURABA;COLEGIO MATER DOLOROSA;577.5096153846154
LAS CONDES;SAN JUAN DE LAS CONDES;620.7409401709402
LAMPA;ESCUELA PART. SAN JOSE DE LAMPA;649.0934513274336
EL BOSQUE; ;605.5062594268477
SAN BERNARDO;COLEGIO SAINT ARIELI;600.355625
SAN BERNARDO;COLEGIO ARAGON;569.6392
PEÑALOLEN;CENTRO EDUC. DIEGO DE ALMAGRO;541.6296341463415
ÑUÑOA;COLEGIO DIVINA PASTORA NUNOA;670.7026732673268
LAS CONDES;COLEGIO BRITISH HIGH;691.9720588235294
SANTIAGO;LICEO BICENTENARIO ITALIA;676.3071586715866
QUILICURA;COLEGIO SANTIAGO - QUILICURA;588.039765625
TALAGANTE;LICEO BICENTENARIO MARIA SOLEDAD MELENDEZ MOLINA;680.3274719101123
ÑUÑOA;COLEGIO LA CANTERA;559.0
CALERA DE TANGO;COLEGIO LA MISION;737.7278313253013
LAMPA;COLEGIO POLIV. JERUSALEN DE LAMPA;566.2108633093525
PUDAHUEL;COLEGIO BICENTENARIO MADRE ANA EUGENIA;587.0347899159664
SAN MIGUEL;COLEGIO PART. PAN AMERICAN COLLEGE SANTIAGO;630.1331707317073
LO BARNECHEA;LICEO POLIV. SAN JOSE DE LO BARNECHEA;514.5
CERRILLOS;COLEGIO SAN JOSE DE CERRILLOS;552.7010256410257
LAS CONDES;COLEGIO COYANCURA;698.946
RECOLETA;LICEO BICENTENARIO NUEVA AURORA DE CHILE;605.3874545454545
SANTIAGO;ESCUELA MANUEL JOSE IRARRAZAVAL;637.9059154929578
LA PINTANA;CTRO.EDUC.CATOLICO DIDASCALIO STA. MARIA;591.78875
COLINA;COLEGIO DEL VERBO DIVINO DE CHICUREO;742.3465909090909
LAS CONDES;COLEGIO NTRA. SRA. DEL ROSARIO LAS CONDES;685.5946666666667
SANTIAGO;COLEGIO NUEVO DIEGO DE ALMAGRO;658.9974545454545
VITACURA;COLEGIO DE LOS SAGRADOS CORAZONES;796.2652717391304
LO BARNECHEA;COLEGIO LO BARNECHEA BICENTENARIO;558.5928925619835
CERRO NAVIA;COLEGIO ENRIQUE ALVEAR DE CERRO NAVIA;560.5624528301887
LAS CONDES;COLEGIO WENLOCK SCHOOL;797.0383783783783
SAN MIGUEL;COLEGIO KING´S SCHOOL;593.0360869565218
INDEPENDENCIA;COLEGIO ELENA BETTINI;588.1524528301887
LAMPA;COLEGIO ALBORADA DE LAMPA;547.3157142857143
HUECHURABA;COLEGIO SAN FRANCISCO JAVIER DE HUECHURABA;792.6382644628098
LA FLORIDA;COLEGIO PART. ALCANTARA DE LA CORDILLERA;686.6818644067797
ÑUÑOA;LICEO LENKA FRANULIC;685.7784745762712
LA FLORIDA;COLEGIO NOVA TERRA;604.8097619047619
PUENTE ALTO;LICEO JOSE ABELARDO NUNEZ Nº5;597.5029885057471
SAN BERNARDO;COLEGIO LOS PENSAMIENTOS DE SAN BERNARDO;582.215
COLINA;COLEGIO PUMAHUE CHICUREO;730.1207142857143
PAINE; ;605.5062594268477
LA FLORIDA;COLEGIO PARTICULAR ANTILHUE;747.1205309734513
SAN BERNARDO;COLEGIO SCHOOL TIME;655.0
MELIPILLA;COLEGIO SANTA MONICA DE MELIPILLA;686.8326
QUILICURA;COLEGIO JUAN LUIS UNDURRAGA ANINAT;566.4990243902439
VITACURA;COLEGIO EL CARMEN TERESIANO I;625.99125
CALERA DE TANGO;COLEGIO SAN BARTOLOME DE NOS;656.8636363636364
LA FLORIDA;COLEGIO EMMANUEL HIGH SCHOOL;625.0990196078432
SANTIAGO;COLEGIO SAN SEBASTIAN;588.0247916666666
MAIPU;LICEO BICENTENARIO DE NIÑAS DE MAIPU;701.5015384615384
TALAGANTE;COLEGIO PART. SAGRADO CORAZON DE TALAGANTE;700.2374015748031
LO PRADO;LICEO BICENTENARIO POETA PABLO NERUDA;579.5482926829268
TILTIL;LICEO HUERTOS FAMILIARES;540.5902222222222
PEDRO AGUIRRE CERDA;ESCUELA PARTICULAR JOSE A.ALFONSO;672.0763793103448
MAIPU;LICEO REINO DE DINAMARCA;515.097012987013
PROVIDENCIA;COLEGIO ESPECIAL HOSPITALARIO CON TODO EL COR;515.125
LAS CONDES;LICEO BICENTENARIO SANTA MARIA DE LAS CONDES;683.5405797101449
LA REINA;COLEGIO BRITISH ROYAL SCHOOL;769.9001470588236
LA FLORIDA;COLEGIO CRISTIANO EMMANUEL;650.1783720930232
INDEPENDENCIA;LICEO MIGUEL RAFAEL PRADO;590.8796907216495
LA FLORIDA;CENTRO EDUCACIONAL LONDON;561.6810810810811
BUIN;LICEO ALTO JAHUEL;534.985625
BUIN;LICEO FRANCISCO JAVIER KRUGGER ALVARADO;524.3106896551724
LA FLORIDA;COLEGIO PART. ANDARES DE LA FLORIDA;573.6819230769231
SAN JOAQUIN;COLEGIO POLIV. ARZOBISPO MANUEL VICUNA;558.5631428571428
ÑUÑOA;COLEGIO HENRY FAYOL;649.9444444444445
ISLA DE MAIPO;CENTRO EDUC. PART. MARIA REINA INMACULADA;566.4315753424657
PUDAHUEL;COLEGIO BICENTENARIO SAN ALBERTO HURTADO DE PUDAHUEL;591.7346666666666
SANTIAGO;COLEGIO PARTICULAR OZANAM;619.3405714285715
CURACAVI;ESC.NUESTRA SENORA DEL CARMEN DE CURACAV;615.2505714285714
BUIN;COLEGIO CAMPANARIO;790.7823913043478
PEDRO AGUIRRE CERDA;EST. EDUC. PART. ARCANGEL GABRIEL N° 2;588.4120408163265
MAIPU;ESCUELA BAS. ECHAURREN N° 2;667.0
COLINA;COLEGIO SAN NICOLÁS DIÁCONO;701.470843373494
SAN JOSE DE MAIPO;COLEGIO PART. ANDINO ANTUQUELEN;616.1085
MAIPU;COL.PARTICULAR SAN VALENTIN DE MAIPU;634.8116666666666
MELIPILLA;COLEGIO PARTICULAR ALONSO DE ERCILLA;630.8774324324324
SAN BERNARDO;COLEGIO MONTESSORI;600.8532608695652
PAINE;ESCUELA PART. NAHUEL;726.4276136363636
PROVIDENCIA;COLEGIO LATINOAMERICANO DE INTEGRACION;650.7405
QUILICURA;COLEGIO PART. SAN ADRIAN DE QUILICURA;654.1130841121496
LAS CONDES;COLEGIO SEMINARIO PONTIFICIO MENOR;703.3160655737705
SANTIAGO;COLEGIO WUNMAN;620.4696875
SAN MIGUEL;COLEGIO SAN CRISTOBAL COLLEGE;685.75
PEÑALOLEN;LICEO ANTONIO HERMIDA FABRES;529.9725
MAIPU;COLEGIO ROSITA SANCHEZ;573.5975757575758
EL MONTE;COLEGIO LOS ROBLES DE LOS LIBERTADORES;565.7207692307693
CERRO NAVIA;LICEO BICENTENARIO DE  EXCELENCIA NACIONAL DE;564.1203448275862
CURACAVI;NORTH CROSS SCHOOL;621.4186567164179
LA FLORIDA;COLEGIO PART. FAMILIA DE NAZARETH;615.0022950819672
CALERA DE TANGO;COLEGIO SAN ANDRES DE CALERA DE TANGO;604.792
LAS CONDES;COLEGIO DEL VERBO DIVINO;813.9133689839572
PUDAHUEL;COLEGIO EL PRADO;554.5387096774194
COLINA;COLEGIO SAN  ANSELMO;823.6591608391608
PEÑALOLEN;COLEGIO ALICURA;554.8566666666667
PEÑAFLOR;COLEGIO DREYSE BELSER;553.108
SAN RAMON; ;605.5062594268477
PUENTE ALTO;COLEGIO NUEVO HORIZONTE DE PUENTE ALTO;556.3121212121212
INDEPENDENCIA;COLEGIO POLITEC. AVENIDA INDEPENDENCIA;549.0
TALAGANTE;COLEGIO INSTITUTO DE CIENCIAS Y TECNOLOGÍA TALAGANTE;568.0475675675675
COLINA;LICEO BICENT. PROV.STA. TERESA DE LOS ANDES;681.1375229357799
RECOLETA;COLEGIO ALBERT EINSTEIN;643.6644230769232
MAIPU;COLEGIO CENTRO EDUCACIONAL ROUSSEAU;585.5164583333334
SAN BERNARDO;LICEO NACIONAL BICENTENARIO DE EXCELENCIA;673.7776984126984
SAN BERNARDO;COLEGIO  FITZROY COLLEGE;569.851590909091
MARIA PINTO;LICEO MUNICIPAL POLIVALENTE MARIA PINTO;538.4878321678322
SANTIAGO;COLEGIO INSTITUTO ARTÍSTICO DE ESTUDIOS SECUNDARIOS DE LA UNIVERSIDAD DE CHILE;662.275
LA FLORIDA;COLEGIO AMERICAN BRITISH COLLEGE;740.9608955223881
ÑUÑOA;ESCUELA PARTICULAR CARMEN ARRIARAN;617.27
VITACURA;COLEGIO SAN ESTEBAN DIÁCONO;681.4072289156627
SAN JOSE DE MAIPO;COLEGIO RAFAEL EYZAGUIRRE;593.1401428571428
PEÑALOLEN;ESCUELA BAS. SAN JOSE DE PENALOLEN;539.8434285714286
SAN BERNARDO;LICEO CLARA SOLOVERA;535.01
SAN BERNARDO;INSTITUTO COMERCIAL BARROS ARANA;570.7685365853658
PUDAHUEL;LICEO CIUDAD DE BRASILIA;557.5315151515151
LO BARNECHEA;COLEGIO HUELQUEN MONTESSORI;664.105625
COLINA;COLEGIO DUNALASTAIR VALLE NORTE;765.1196992481202
LO PRADO; ;605.5062594268477
ISLA DE MAIPO;COLEGIO VILLA EL SOL;620.5776363636363
ESTACION CENTRAL;COLEGIO SAO PAULO;591.2355
COLINA;COLEGIO KIMEN MONTESSORI;670.0477272727272
LAS CONDES;COLEGIO QUIMAY;589.2972222222222
LAMPA;LICEO MUNICIPAL BICENTENARIO DE BATUCO;534.7564935064935
LA FLORIDA;COLEGIO PART. NEW LITTLE COLLEGE;632.192261904762
LAMPA;ESCUELA PART. MASTER SCHOOL DE LAMPA;557.1032142857142
ESTACION CENTRAL;COLEGIO POLIVALENTE PRINCIPE DE GALES;584.7529870129871
ÑUÑOA;COLEGIO FRANCISCO ENCINA;816.81125
SAN MIGUEL;COLEGIO RELIGIOSO SANTA MARGARITA;566.2859677419356
TALAGANTE;COLEGIO LOS CEIBOS;629.25
TALAGANTE;COLEGIO LOS  ALERCES  DE  TALAGANTE;588.9719047619049
ÑUÑOA;COLEGIO LA FONTAINE;713.7772222222222
LA REINA;COLEGIO TERRANOVA;709.1147540983607
LA PINTANA;COLEGIO SANTO TOMAS;553.217619047619
QUINTA NORMAL;COLEGIO CORAZON DE JESUS;605.0752941176471
SAN BERNARDO;LICEO IND. MIGUEL AYLWIN GAJARDO;508.7098387096774
LO ESPEJO;ESC. PART.ADVENTISTA BUENAVENTURA;574.4425862068965
COLINA;COLEGIO TERRA MONTE;563.671
LA FLORIDA;PIERRE TEILHARD DE CHARDIN;609.0647
EL BOSQUE;COLEGIO TENIENTE DAGOBERTO GODOY;565.5277419354838
LA REINA;COLEGIO NUESTRA SEÑORA DEL CAMINO;757.86
QUILICURA;LICEO BICENTENARIO DE EXCELENCIA FRANCISCO BILBAO BARQUIN DE QUILICURA;643.7924999999999
PEÑALOLEN;COLEGIO JESUS SERVIDOR;579.9780434782609
LA REINA;COLEGIO THE GRANGE SCHOOL;847.4891411042945
LA FLORIDA;COLEGIO SANTA CECILIA DE LA FLORIDA;709.2758620689655
LAS CONDES;COLEGIO LA GIROUETTE;795.2215384615384
TALAGANTE;ESCUELA BASICA NEHUEN;640.6673584905661
MELIPILLA;COLEGIO SAN MANUEL;605.3125
MAIPU;COLEGIO ELLEN COLLEGE;508.53000000000003
PROVIDENCIA;COLEGIO ALEMAN SANKT THOMAS MORUS;768.6374324324324
PIRQUE;LICEO  EL PRINCIPAL;548.4096721311475
INDEPENDENCIA;COLEGIO SANTA MARIA CERVELLON;694.8048275862069
PADRE HURTADO;COLEGIO SANTA MARIA GORETTI DE PADRE HUR;584.076862745098
LA PINTANA;ESC BASICA PART SAN JOSE DE LA FAMILIA;617.5246534653465
PUENTE ALTO;COLEGIO  MANQUECURA PUENTE ALTO;737.727572815534
PUDAHUEL;COLEGIO TERRA AUSTRALIS;613.4691666666666
SAN BERNARDO;COLEGIO PALMARES VALLE LOS CÓNDORES;643.5685074626865
LA GRANJA;LICEO TECNICO PROFESIONAL PATRICIO AYLWIN AZOCAR;559.7566666666667
LA FLORIDA;COLEGIO SAINT JOSEPH C. THOMAS SCHOOL;612.4755
PROVIDENCIA;COLEGIO AULA CLINICA SANTA MARIA;609.684
PUENTE ALTO;LICEO POLIVALENTE DE CASAS VIEJAS MIGUELINA MERA LAGOS;574.0699999999999
PAINE;ESCUELA BÁSICA SAN GENNARO;638.1141025641026
EL BOSQUE;COLEGIO EL ALMENDRO;592.5097826086957
PEÑALOLEN;ESCUELA BASICA N°1889 BARRIE MONTESSORI Nº 2;683.3958333333334
LA FLORIDA;COLEGIO SANTA PATRICIA DE LA FLORIDA;560.6728571428572
CERRO NAVIA;COLEGIO BICENTENARIO SAN DAMIAN DE MOLOKAI;575.8445454545455
PROVIDENCIA;COLEGIO THE KENT SCHOOL;834.5549253731343
PUDAHUEL;COLEGIO SANTIAGO DE PUDAHUEL;595.3542857142858
PUENTE ALTO;LICEO BICENTENARIO SAN PEDRO DE PUENTE ALTO;753.1444366197182
LA FLORIDA;BICENTENARIO COLLEGE;532.6251612903226
LAS CONDES;INSTITUTO PRESIDENTE ERRAZURIZ;676.384126984127
TALAGANTE;COLEGIO TREBULCO;818.64
LA GRANJA;ESCUELA PARTICULAR CLAUDIO MATTE;635.5405982905983
LA REINA;COLEGIO LA ABADIA;702.13775
LA REINA;COLEGIO EL CARMEN TERESIANO;649.29
PAINE;COLEGIO SAN FRANCISCO DE PAINE;761.14225
SAN BERNARDO;ESCUELA BASICA ELIODORO MATTE OSSA;595.655
PROVIDENCIA;COLEGIO MANANTIALES;580.96
LAS CONDES;COLEGIO CRECES;421.5
LAS CONDES;COLEGIO SAINT ANDREW;699.4722
BUIN;ESCUELA BÁSICA N 149 SAN MARCEL;556.5235294117647
CERRO NAVIA;COLEGIO SAN FRANCISCO JAVIER;568.72
LA FLORIDA;ESCUELA BELLAVISTA;571.145
INDEPENDENCIA;COLEGIO CIENTIFICO HUMANISTA ALVARO COVARRUBIAS;632.0716
SAN BERNARDO;SAN IGNACIO COLLEGE;567.4905
MAIPU;LICEO EL LLANO DE MAIPU;549.8495454545455
QUILICURA;COLEGIO PADRE PEDRO ARRUPE SAGRADA FAMILIA;568.8473684210527
LAS CONDES;COLEGIO CORDILLERA DE LAS CONDES;834.3009999999999
SAN RAMON;ESCUELA PARTIC PARROQUIAL DOMINGO SAVIO;570.6323703703704
LO PRADO;ESCUELA PARTICULAR FRINGS COLLEGE;606.8088372093023
SANTIAGO;COLEGIO SANTA CRUZ;628.9306306306306
COLINA;COLEGIO LINCOLN INTERN ACADEMY VALLE NORTE CHICUREO;810.836
ÑUÑOA;INSTITUTO PABLO NERUDA;586.4286956521739
MELIPILLA;CENTRO EDUCACIONAL MENESIANO;563.6912765957447
PUENTE ALTO;COLEGIO LOS AROMOS;705.890625
LO BARNECHEA;COLEGIO THE SOUTHLAND;693.8728571428571
QUILICURA;COLEGIO PART. SAN PEDRO DE QUILICURA;563.8859493670885
PEÑALOLEN;COLEGIO MONTAHUE DE PEÑALOLEN;646.2857142857143
BUIN;INSTITUTO SAN ALBERTO HURTADO;665.0
MAIPU;COLEGIO CENTENARIO;655.0690476190476
CALERA DE TANGO;COLEGIO INSTITUTO CALERA DE TANGO;542.95109375
PEÑAFLOR;ESCUELA PREMILITAR  GENERAL BERNARDO OHIGGINS RIQUELME;556.7957142857143
LO PRADO;ESCUELA PROFESORA GLADYS VALENZUELA V;544.4226865671642
CALERA DE TANGO; ;605.5062594268477
LA FLORIDA;COLEGIO BOSTON COLLEGE ALTO MACUL;669.1375
PEÑALOLEN;COLEGIO PART. ANTUPIREN;628.5689017341041
RENCA;COLEGIO EL BOSQUE DE RENCA;518.73
VITACURA;LICEO BICENTENARIO DE EXCELENCIA MARIA LUISA BOMBAL;723.2211111111111
SANTIAGO;COLEGIO SANTA ISABEL;577.1097727272728
PROVIDENCIA;COLEGIO CAMBRIDGE COLLEGE;852.2742
QUILICURA;ESCUELA LUIS CRUZ MARTINEZ;546.3140579710144
ÑUÑOA;COLEGIO SUIZO DE SANTIAGO;789.6673584905661
EL BOSQUE;ESCUELA BASICA THE FOREST COLLEGE;611.3050000000001
LO BARNECHEA;COLEGIO EVEREST;808.76921875
LA FLORIDA;COLEGIO  ARTISTICO SOL DEL  ILLIMANI;554.2554347826087
BUIN;COLEGIO SAN FERNANDO DE BUIN;682.6504545454545
PUENTE ALTO;ESCUELA HOSPITALARIA PROVINCIA CORDILLERA PUENTE ALTO;535.0733333333334
PADRE HURTADO;COLEGIO MADRE DE JESUS;634.721320754717
PEÑALOLEN;ESCUELA BASICA N°2459, FRANCISCO VARELA;642.1985185185185
PROVIDENCIA;COLEGIO PART. JOSEFINO SANTISIMA TRINIDAD;709.37
ESTACION CENTRAL;ESCUELA PARTICULAR VILLA ESPANA;616.8118181818182
ÑUÑOA;COLEGIO APOSTOL SAN PEDRO;677.34375
PROVIDENCIA;ESCUELA BASICA JUAN PABLO DUARTE;626.6765957446809
ISLA DE MAIPO;LICEO BICENTENARIO MARIO BERTERO CEVASCO;614.7238383838384
LAS CONDES;COLEGIO EMAUS;622.0775
SAN JOAQUIN;ESC.PARA SORDOS DR. OTTE GABLER;485.75428571428574
LAS CONDES;COLEGIO LA VIRGEN DE POMPEYA;645.9765137614679
LAMPA;LICEO POLIVALENTE SAINT ANDREWS;570.2896428571429
MACUL;ESCUELA PARTICULAR REGINA MUNDI;573.1152631578948
LA FLORIDA;COLEGIO SAINT CHARLES COLLEGE LA FLORIDA;650.2929787234043
TALAGANTE;INSTITUTO TALAGANTE;650.8902127659575
MELIPILLA;COLEGIO JOSE M.BALMACEDA DE MELIPILLA;557.7767346938775
PAINE;COLEGIO ALTAZOL DEL MAIPO;549.3530612244898
MACUL;COLEGIO LIBERTADOR SIMON BOLIVAR;603.4798913043478
MAIPU;COLEGIO SAN ANDRES MAIPU EL BOSQUE;623.9708
QUINTA NORMAL;ESCUELA ANTUMALAL;891.5
SANTIAGO;COLEGIO ALTO PALENA;607.6600000000001
PUENTE ALTO;COLEGIO TERRA ANDINA;591.5081818181818
MAIPU;COLEGIO ALBERTO PEREZ;671.9551572327043
MAIPU;COLEGIO SOFIA INFANTE HURTADO;583.3253333333333
COLINA;ESCUELA BAS. SAN SEBASTIAN DE COLINA;624.7970212765957
PEÑALOLEN;COLEGIO MONTEVERDE;611.453628318584
LA FLORIDA;COLEGIO ALMENDRAL;586.8958974358974
ISLA DE MAIPO;COLEGIO ALTO DEL MAIPO;555.9388
PAINE;ESC. BASICA MUNICIPAL PAULA JARAQUEMADA ALQUI;546.7368571428572
LAMPA;COLEGIO SOL DEL VALLE;629.4586238532111
LO BARNECHEA;COLEGIO THE NEWLAND SCHOOL;822.118064516129
LAS CONDES;COLEGIO DUNALASTAIR;788.448661971831
LA PINTANA;COLEGIO SAN MARTIN DE PORRES DE LA PINTANA;504.142
PAINE;LICEO POLIVALENTE GREGORIO MORALES MIRANDA;522.4042990654206
SANTIAGO;COLEGIO MARIA LUISA VILLALON;669.5925
PEÑALOLEN;COLEGIO PARTICULAR JORGE PRIETO LETELIER;618.5611111111111
COLINA;COLEGIO HIGHLANDS;768.34875
COLINA;COLEGIO MONTESSORI PUCALAN;760.2159090909091
PADRE HURTADO;INSTITUTO PREMILITAR DE CHILE;579.1824
PUENTE ALTO;COLEGIO EL SEMBRADOR;631.3614906832298
QUILICURA;ESCUELA BÁSICA PALMARES ORIENTE;661.9010852713179
BUIN;COLEGIO BUIN;774.2264285714285
HUECHURABA;COLEGIO SAINT JOSEPH SCHOOL;764.4605263157895
ÑUÑOA;COLEGIO EL ROBLE;569.0507142857143
MELIPILLA;COLEGIO PARTICULAR LAS ACACIAS DE MELIPILLA;524.7926086956521
SAN BERNARDO;ESCUELA BAS. KINGS SCHOOL;599.8010344827586
PUENTE ALTO;COLEGIO POLIVALENTE ANTARES;535.2082142857142
LO BARNECHEA;COLEGIO ANGLO AMERICAN INTERNATIONAL SCHOOL;624.1531578947369
BUIN;COLEGIO SAINT MARY COLLEGE;705.6704545454545
CONCHALI;LICEO POETA FEDERICO GARCIA LORCA;526.0222222222222
COLINA;LICEO PELDEHUE;535.8840789473685
SAN MIGUEL;ESCUELA PART.ESPECIAL CORPAMEG;507.505
LAS CONDES;COLEGIO INTERNACIONAL SEK CHILE;792.8
PIRQUE;COLEGIO ALMENAR DE PIRQUE;707.4397674418605
TALAGANTE;LICEO REPUBLICA DE GRECIA;586.4105128205127
LA FLORIDA;ESCUELA MARCELA PAZ;524.3138235294117
PEÑALOLEN;COLEGIO  EPULLAY;736.1640000000001
LA FLORIDA;LINCOLN COLLEGE LA FLORIDA;618.3696610169491
RECOLETA;LICEO INDUSTRIAL DE RECOLETA;520.8925454545455
PEÑALOLEN;ESCUELA BASICA N°2145 COLEGIO DUNALASTAIR PEÑALOLÉN;779.6685555555555
SAN RAMON;ESCUELA PARTICULAR ARTURO MATTE LARRAIN;588.2828395061729
TALAGANTE;COLEGIO JUGENDLAND SCHULE;659.6785714285714
MELIPILLA;COLEGIO SAYEN;582.9268292682926
PEÑAFLOR;COLEGIO AMERICAN SCHOOL;583.140625
LA REINA;COLEGIO RUBEN DARIO;654.2248936170213
MELIPILLA;ESC. BAS. NUESTRA SEÑORA Y MADRE DEL CARMEN;520.1094117647059
TILTIL;COLEGIO SAINT LOUIS SCHOOL;647.0777884615384
COLINA;ESCUELA PARTICULAR DESIREE;565.74035
SAN JOAQUIN;INSTITUTO DE EDUCACIÓN DE ADULTOS LA CASTRINA;574.49
MAIPU;COLEGIO DEL REAL;600.2142857142857
PEÑALOLEN;COLEGIO HIGHLANDS MONTESSORI SCHOOL OF SANTIAGO;636.612
SAN JOAQUIN;COLEGIO PESTALOZZI;522.7026666666667
PEÑAFLOR;COLEGIO TERRANOVA;709.1147540983607
HUECHURABA;COLEGIO MONTAHUE;577.25
MAIPU;COLEGIO POLIV. DIEGO PORTALES DE MAIPU;536.6944117647059
PAINE;LICEO  MARIA CARVAJAL FUENZALIDA;547.37609375
LO ESPEJO;COLEGIO SAN LUCAS DE LO ESPEJO;570.8572857142857
COLINA;INSTITUTO SAN MIGUEL;546.3753846153846
PUDAHUEL;COLEGIO PUDAHUEL;541.0543636363636
LA FLORIDA;ESCUELA PARTICULAR MSR.DIEGO ROSALES;603.2036
MAIPU;ESCUELA HOSPITALARIA EL CARMEN DE MAIPU;650.6483333333334
PEÑALOLEN;COLEGIO PUELMAPU;594.179090909091
MAIPU;ESC. PART. ARTISTICA EL TRIGAL;633.1455555555556
COLINA;COLEGIO CABO DE HORNOS;687.3510344827587
LAMPA;COLEGIO WESTON ACADEMY;658.7711965811966
RENCA;CENTRO EDUCACIONAL RENCA;499.863
LA PINTANA;COLEGIO SANTA SOFIA;576.7288571428571
PUENTE ALTO;COLEGIO RENACER TP;549.7521212121212
PUENTE ALTO;ESCUELA SANTA JOAQUINA DE VEDRUNA;634.3397142857143
PEÑAFLOR;ESCUELA  BASICA  N°200 COLEGIO  INTEGRAL TRABUNCO;565.5417647058823
SAN BERNARDO;ESC. BAS. Y ESP. NTRA. SRA. DE LAS NIEVES;534.1947826086956
SAN BERNARDO;LICEO CARDENAL ANTONIO SAMORE;524.7719047619047
SAN BERNARDO;COLEGIO DENHAM SCHOOL;682.325
MAIPU;ESCUELA INTERNACIONAL DE LIDERES CORONEL SANTIAGO BUERAS Y AVARIA;563.6
PEÑALOLEN;ESCUELA LUIS  ARRIETA CANAS;544.9599999999999
LO PRADO;ESC. BAS. Y ESP. CELEI;570.3888888888889
LO ESPEJO;COLEGIO SOL DE CHILE;553.9707692307692
SAN BERNARDO;COLEGIO ALTERRA;646.1607142857143
PUENTE ALTO;COLEGIO INTERNATIONAL COUNTRY SCHOOL;593.0185185185185
EL MONTE;ESC. BASICA  JAVIERA CARRERA VERDUGO;517.53
CONCHALI;LICEO MUNC.ALMIRANTE GALVARINO RIVEROS;564.1862857142858
LA REINA;COLEGIO HOSPITALARIO HOSPITAL MILITAR;568.25
CURACAVI; ;605.5062594268477
RENCA;COLEGIO  ALONSO  DE  CORDOVA;636.5646
LA CISTERNA;COLEGIO JOSE LUIS LEGRANGE DE LA CISTERNA;602.5
MACUL;COLEGIO PART. SWEDENBORG COLLEGE;645.3886486486487
LA REINA;COLEGIO SAINT JOHN´S VILLA ACADEMY;740.1029411764706
RECOLETA;LICEO DOCTOR JUAN VERDAGUER PLANAS;572.9421951219513
ÑUÑOA;COLEGIO ISABEL LA CATOLICA;662.551724137931
PEÑALOLEN;COLEGIO BICENTENARIO MATILDE HUICI NAVAS;600.1855555555555
PEÑAFLOR;COLEGIO EMMANUEL MOUNIER;466.3333333333333
SANTIAGO;INSTITUTO HERMANOS MATTE;633.3322159090909
LA PINTANA;COLEGIO POLIVALENTE INGLES;543.8261290322581
LA GRANJA;COLEGIO POLIVALENTE PADRE ESTEBAN GUMUCIO VIVES;572.5155555555556
LA REINA;COLEGIO SANTIAGO EVANGELISTA;697.2512903225806
CERRILLOS;COLEGIO PETER COLLEGE;619.4745454545455
SAN RAMON;ESCUELA HOSPITALARIA PADRE HURTADO;583.5
EL MONTE;COLEGIO ACADEMIA POLIVALENTE DE FORMACIÒN PREMILITAR GENERAL JOSE MIGUEL CARRERA;516.268125
LAS CONDES;COLEGIO SAN MIGUEL ARCANGEL DE LAS CONDES;778.7407407407408
TILTIL;ALTOS DEL HUERTO;551.0388888888889
COLINA;ESCUELA BASICA SANTA TERESA DEL CARMELO;593.1237777777777
PEÑAFLOR; ;605.5062594268477
LAS CONDES;COLEGIO ARABE;664.3125
LA FLORIDA;ESCUELA Y COLEGIO POLITECNICO LOS HEROES;539.8753846153846
BUIN;COLEGIO SAINT JAMES SCHOOL;700.0951282051282
COLINA;ESCUELA PART. SANTA MARIA DE GUADALUPE;558.0833333333334
TALAGANTE;COLEGIO TEGUALDA;551.6617241379311
BUIN;COLEGIO PATAGONIA DE BUIN;602.7941176470588
COLINA;COLEGIO RAYEN MAHUIDA;637.3888888888889
TALAGANTE;ESCUELA HOSPITALARIA PROVINCIAL DE TALAGANTE;565.68
LO BARNECHEA;COLEGIO MAIMONIDES SCHOOL;790.429375
COLINA;ESCUELA BAS. REINA NORTE;480.4
MELIPILLA;COLEGIO NUESTRA SENORA DE LA MERCED;652.0952380952381
RECOLETA;COL HOSP. CONSTRUYENDO SUEÑOS, CLINICA DAVILA;437.0
LA FLORIDA;ESCUELA HOSPITALARIA DOCTORA ELOISA DIAZ INSUNZA;544.5
SAN BERNARDO;COLEGIO HOSPITALARIO HOSPITAL DEL  PINO;609.5
LO BARNECHEA;COLEGIO HUINGANAL;829.5992857142857
LA FLORIDA;COLEGIO ADVENTISTA LA FLORIDA;655.6081818181818
SAN BERNARDO;CENTRO DE EDUCACION INTEGRADO DE  ADULTOS GLADYS LAZO Nº 2;496.0433333333333
PEÑALOLEN;ESCUELA BÁSICA Nº2490, COLEGIO INTERNACIONAL SEK AUSTRAL;759.738
LA FLORIDA;COLEGIO  ANDARES;687.5
PIRQUE;COLEGIO VIRGINIA SUBERCASEAUX;647.7142857142857
PEDRO AGUIRRE CERDA;ESCUELA ESPECIAL ARCANGEL GABRIEL;650.5
PEDRO AGUIRRE CERDA;ESC.BAS.PROFESORA AIDA RAMOS DIAZ;635.0
LAMPA;COLEGIO PUMAHUE CHICAUMA;754.01
TILTIL; ;605.5062594268477
SANTIAGO;LICEO DR HUMBERTO MATURANA ROMESIN;498.5
SAN PEDRO; ;605.5062594268477
PEÑALOLEN;INSTITUTO NACIONAL DE REHABILITACION PAC;516.0
PUENTE ALTO;ESC. BASICA N_ 116 ONCOLOG. DR. SOTERO DEL;458.0
